year,month,latitude,longitude,sst
2003,1,-24.0,151.0,26.54
2003,1,-24.0,152.0,26.16
2003,1,-24.0,153.0,26.46
2003,1,-24.0,154.0,26.71
2003,1,-23.0,150.0,26.84
2003,1,-23.0,151.0,26.53
2003,1,-23.0,152.0,26.43
2003,1,-23.0,153.0,26.62
2003,1,-23.0,154.0,26.87
2003,1,-22.0,149.0,27.47
2003,1,-22.0,150.0,27.24
2003,1,-22.0,151.0,27.07
2003,1,-22.0,152.0,26.92
2003,1,-22.0,153.0,27.1
2003,1,-22.0,154.0,26.78
2003,1,-21.0,149.0,27.65
2003,1,-21.0,150.0,27.42
2003,1,-21.0,151.0,27.33
2003,1,-21.0,152.0,27.44
2003,1,-21.0,153.0,27.16
2003,1,-21.0,154.0,26.8
2003,1,-20.0,148.0,27.88
2003,1,-20.0,149.0,27.62
2003,1,-20.0,150.0,27.59
2003,1,-20.0,151.0,27.68
2003,1,-20.0,152.0,27.32
2003,1,-20.0,153.0,27.08
2003,1,-20.0,154.0,27.08
2003,1,-19.0,146.0,28.81
2003,1,-19.0,147.0,28.35
2003,1,-19.0,148.0,28.11
2003,1,-19.0,149.0,28.02
2003,1,-19.0,150.0,27.8
2003,1,-19.0,151.0,27.56
2003,1,-19.0,152.0,27.25
2003,1,-19.0,153.0,27.14
2003,1,-19.0,154.0,27.34
2003,1,-18.0,146.0,28.55
2003,1,-18.0,147.0,28.3
2003,1,-18.0,148.0,28.21
2003,1,-18.0,149.0,28.11
2003,1,-18.0,150.0,27.88
2003,1,-18.0,151.0,27.62
2003,1,-18.0,152.0,27.44
2003,1,-18.0,153.0,27.5
2003,1,-18.0,154.0,27.56
2003,1,-17.0,145.0,28.67
2003,1,-17.0,146.0,28.45
2003,1,-17.0,147.0,28.32
2003,1,-17.0,148.0,28.22
2003,1,-17.0,149.0,28.26
2003,1,-17.0,150.0,28.11
2003,1,-17.0,151.0,27.92
2003,1,-17.0,152.0,27.61
2003,1,-17.0,153.0,27.66
2003,1,-17.0,154.0,27.68
2003,1,-16.0,145.0,28.59
2003,1,-16.0,146.0,28.43
2003,1,-16.0,147.0,28.41
2003,1,-16.0,148.0,28.39
2003,1,-16.0,149.0,28.29
2003,1,-16.0,150.0,28.19
2003,1,-16.0,151.0,28.04
2003,1,-16.0,152.0,27.79
2003,1,-16.0,153.0,27.85
2003,1,-16.0,154.0,27.86
2003,1,-15.0,144.0,29.24
2003,1,-15.0,145.0,28.61
2003,1,-15.0,146.0,28.46
2003,1,-15.0,147.0,28.49
2003,1,-15.0,148.0,28.43
2003,1,-15.0,149.0,28.4
2003,1,-15.0,150.0,28.38
2003,1,-15.0,151.0,28.29
2003,1,-15.0,152.0,28.23
2003,1,-15.0,153.0,28.06
2003,1,-15.0,154.0,27.9
2003,1,-14.0,144.0,28.8
2003,1,-14.0,145.0,28.58
2003,1,-14.0,146.0,28.58
2003,1,-14.0,147.0,28.62
2003,1,-14.0,148.0,28.68
2003,1,-14.0,149.0,28.65
2003,1,-14.0,150.0,28.62
2003,1,-14.0,151.0,28.52
2003,1,-14.0,152.0,28.36
2003,1,-14.0,153.0,28.31
2003,1,-14.0,154.0,28.3
2003,1,-13.0,143.0,28.83
2003,1,-13.0,144.0,28.71
2003,1,-13.0,145.0,28.67
2003,1,-13.0,146.0,28.59
2003,1,-13.0,147.0,28.74
2003,1,-13.0,148.0,28.77
2003,1,-13.0,149.0,28.81
2003,1,-13.0,150.0,28.82
2003,1,-13.0,151.0,28.7
2003,1,-13.0,152.0,28.6
2003,1,-13.0,153.0,28.69
2003,1,-13.0,154.0,28.6
2003,1,-12.0,142.0,29.06
2003,1,-12.0,143.0,29.1
2003,1,-12.0,144.0,28.76
2003,1,-12.0,145.0,28.75
2003,1,-12.0,146.0,28.68
2003,1,-12.0,147.0,28.67
2003,1,-12.0,148.0,28.71
2003,1,-12.0,149.0,28.8
2003,1,-12.0,150.0,28.9
2003,1,-12.0,151.0,28.81
2003,1,-12.0,152.0,28.75
2003,1,-12.0,153.0,28.61
2003,1,-12.0,154.0,28.59
2003,1,-11.0,142.0,29.23
2003,1,-11.0,143.0,29.24
2003,1,-11.0,144.0,28.91
2003,1,-11.0,145.0,29.0
2003,1,-11.0,146.0,28.84
2003,1,-11.0,147.0,28.76
2003,1,-11.0,148.0,28.73
2003,1,-11.0,149.0,28.84
2003,1,-11.0,150.0,28.73
2003,1,-11.0,151.0,28.37
2003,1,-11.0,152.0,28.35
2003,1,-11.0,153.0,28.62
2003,1,-11.0,154.0,28.75
2003,1,-10.0,142.0,29.56
2003,1,-10.0,143.0,29.53
2003,1,-10.0,144.0,28.88
2003,1,-10.0,145.0,28.95
2003,1,-10.0,146.0,28.89
2003,1,-10.0,147.0,28.75
2003,1,-10.0,148.0,28.67
2003,1,-10.0,149.0,28.7
2003,1,-10.0,150.0,28.64
2003,1,-10.0,151.0,28.48
2003,1,-10.0,152.0,28.81
2003,1,-10.0,153.0,28.98
2003,1,-10.0,154.0,29.08
2003,1,-9.0,142.0,29.67
2003,1,-9.0,143.0,29.51
2003,1,-9.0,144.0,29.05
2003,1,-9.0,145.0,28.84
2003,1,-9.0,146.0,28.95
2003,1,-9.0,147.0,28.93
2003,1,-9.0,149.0,29.13
2003,1,-9.0,150.0,28.81
2003,1,-9.0,151.0,28.64
2003,1,-9.0,152.0,28.99
2003,1,-9.0,153.0,29.15
2003,1,-9.0,154.0,29.3
2003,2,-24.0,151.0,26.77
2003,2,-24.0,152.0,26.84
2003,2,-24.0,153.0,27.33
2003,2,-24.0,154.0,27.28
2003,2,-23.0,150.0,26.86
2003,2,-23.0,151.0,26.83
2003,2,-23.0,152.0,27.11
2003,2,-23.0,153.0,27.56
2003,2,-23.0,154.0,27.59
2003,2,-22.0,149.0,27.73
2003,2,-22.0,150.0,27.48
2003,2,-22.0,151.0,27.44
2003,2,-22.0,152.0,27.46
2003,2,-22.0,153.0,27.63
2003,2,-22.0,154.0,27.61
2003,2,-21.0,149.0,27.94
2003,2,-21.0,150.0,27.79
2003,2,-21.0,151.0,27.81
2003,2,-21.0,152.0,27.99
2003,2,-21.0,153.0,27.89
2003,2,-21.0,154.0,27.62
2003,2,-20.0,148.0,28.39
2003,2,-20.0,149.0,28.09
2003,2,-20.0,150.0,28.04
2003,2,-20.0,151.0,28.22
2003,2,-20.0,152.0,28.03
2003,2,-20.0,153.0,27.75
2003,2,-20.0,154.0,27.69
2003,2,-19.0,146.0,29.19
2003,2,-19.0,147.0,28.75
2003,2,-19.0,148.0,28.6
2003,2,-19.0,149.0,28.53
2003,2,-19.0,150.0,28.38
2003,2,-19.0,151.0,28.15
2003,2,-19.0,152.0,28.04
2003,2,-19.0,153.0,27.94
2003,2,-19.0,154.0,27.82
2003,2,-18.0,146.0,29.25
2003,2,-18.0,147.0,28.94
2003,2,-18.0,148.0,28.83
2003,2,-18.0,149.0,28.58
2003,2,-18.0,150.0,28.23
2003,2,-18.0,151.0,28.19
2003,2,-18.0,152.0,28.27
2003,2,-18.0,153.0,28.22
2003,2,-18.0,154.0,28.11
2003,2,-17.0,145.0,29.38
2003,2,-17.0,146.0,29.21
2003,2,-17.0,147.0,29.12
2003,2,-17.0,148.0,28.95
2003,2,-17.0,149.0,28.54
2003,2,-17.0,150.0,28.39
2003,2,-17.0,151.0,28.48
2003,2,-17.0,152.0,28.54
2003,2,-17.0,153.0,28.7
2003,2,-17.0,154.0,28.62
2003,2,-16.0,145.0,29.36
2003,2,-16.0,146.0,29.22
2003,2,-16.0,147.0,29.09
2003,2,-16.0,148.0,28.83
2003,2,-16.0,149.0,28.57
2003,2,-16.0,150.0,28.5
2003,2,-16.0,151.0,28.59
2003,2,-16.0,152.0,28.75
2003,2,-16.0,153.0,28.73
2003,2,-16.0,154.0,28.7
2003,2,-15.0,144.0,29.74
2003,2,-15.0,145.0,29.33
2003,2,-15.0,146.0,29.32
2003,2,-15.0,147.0,29.08
2003,2,-15.0,148.0,28.77
2003,2,-15.0,149.0,28.61
2003,2,-15.0,150.0,28.58
2003,2,-15.0,151.0,28.66
2003,2,-15.0,152.0,28.86
2003,2,-15.0,153.0,28.86
2003,2,-15.0,154.0,28.8
2003,2,-14.0,144.0,29.4
2003,2,-14.0,145.0,29.34
2003,2,-14.0,146.0,29.36
2003,2,-14.0,147.0,29.11
2003,2,-14.0,148.0,28.86
2003,2,-14.0,149.0,28.91
2003,2,-14.0,150.0,28.84
2003,2,-14.0,151.0,28.83
2003,2,-14.0,152.0,28.98
2003,2,-14.0,153.0,29.06
2003,2,-14.0,154.0,29.0
2003,2,-13.0,143.0,29.68
2003,2,-13.0,144.0,29.32
2003,2,-13.0,145.0,29.45
2003,2,-13.0,146.0,29.46
2003,2,-13.0,147.0,29.36
2003,2,-13.0,148.0,29.28
2003,2,-13.0,149.0,29.21
2003,2,-13.0,150.0,29.2
2003,2,-13.0,151.0,29.25
2003,2,-13.0,152.0,29.19
2003,2,-13.0,153.0,29.2
2003,2,-13.0,154.0,29.26
2003,2,-12.0,142.0,30.1
2003,2,-12.0,143.0,29.95
2003,2,-12.0,144.0,29.44
2003,2,-12.0,145.0,29.57
2003,2,-12.0,146.0,29.59
2003,2,-12.0,147.0,29.55
2003,2,-12.0,148.0,29.42
2003,2,-12.0,149.0,29.36
2003,2,-12.0,150.0,29.39
2003,2,-12.0,151.0,29.37
2003,2,-12.0,152.0,29.41
2003,2,-12.0,153.0,29.33
2003,2,-12.0,154.0,29.34
2003,2,-11.0,142.0,30.29
2003,2,-11.0,143.0,30.18
2003,2,-11.0,144.0,29.6
2003,2,-11.0,145.0,29.71
2003,2,-11.0,146.0,29.73
2003,2,-11.0,147.0,29.82
2003,2,-11.0,148.0,29.71
2003,2,-11.0,149.0,29.6
2003,2,-11.0,150.0,29.46
2003,2,-11.0,151.0,29.04
2003,2,-11.0,152.0,29.03
2003,2,-11.0,153.0,29.16
2003,2,-11.0,154.0,29.22
2003,2,-10.0,142.0,30.5
2003,2,-10.0,143.0,30.4
2003,2,-10.0,144.0,29.7
2003,2,-10.0,145.0,29.75
2003,2,-10.0,146.0,29.81
2003,2,-10.0,147.0,29.86
2003,2,-10.0,148.0,29.8
2003,2,-10.0,149.0,29.65
2003,2,-10.0,150.0,29.29
2003,2,-10.0,151.0,29.1
2003,2,-10.0,152.0,29.38
2003,2,-10.0,153.0,29.48
2003,2,-10.0,154.0,29.55
2003,2,-9.0,142.0,30.39
2003,2,-9.0,143.0,30.5
2003,2,-9.0,144.0,30.16
2003,2,-9.0,145.0,29.9
2003,2,-9.0,146.0,29.71
2003,2,-9.0,147.0,29.91
2003,2,-9.0,149.0,29.32
2003,2,-9.0,150.0,29.07
2003,2,-9.0,151.0,29.08
2003,2,-9.0,152.0,29.54
2003,2,-9.0,153.0,29.73
2003,2,-9.0,154.0,29.87
2003,3,-24.0,151.0,26.41
2003,3,-24.0,152.0,26.62
2003,3,-24.0,153.0,27.02
2003,3,-24.0,154.0,27.21
2003,3,-23.0,150.0,26.65
2003,3,-23.0,151.0,26.69
2003,3,-23.0,152.0,26.9
2003,3,-23.0,153.0,27.19
2003,3,-23.0,154.0,27.38
2003,3,-22.0,149.0,27.19
2003,3,-22.0,150.0,27.14
2003,3,-22.0,151.0,27.25
2003,3,-22.0,152.0,27.22
2003,3,-22.0,153.0,27.39
2003,3,-22.0,154.0,27.5
2003,3,-21.0,149.0,27.4
2003,3,-21.0,150.0,27.6
2003,3,-21.0,151.0,27.58
2003,3,-21.0,152.0,27.67
2003,3,-21.0,153.0,27.63
2003,3,-21.0,154.0,27.25
2003,3,-20.0,148.0,28.06
2003,3,-20.0,149.0,27.84
2003,3,-20.0,150.0,27.86
2003,3,-20.0,151.0,27.93
2003,3,-20.0,152.0,27.87
2003,3,-20.0,153.0,27.54
2003,3,-20.0,154.0,27.15
2003,3,-19.0,146.0,28.9
2003,3,-19.0,147.0,28.45
2003,3,-19.0,148.0,28.17
2003,3,-19.0,149.0,28.12
2003,3,-19.0,150.0,28.08
2003,3,-19.0,151.0,27.85
2003,3,-19.0,152.0,27.79
2003,3,-19.0,153.0,27.53
2003,3,-19.0,154.0,27.34
2003,3,-18.0,146.0,28.54
2003,3,-18.0,147.0,28.27
2003,3,-18.0,148.0,28.17
2003,3,-18.0,149.0,28.18
2003,3,-18.0,150.0,28.08
2003,3,-18.0,151.0,27.88
2003,3,-18.0,152.0,27.86
2003,3,-18.0,153.0,27.84
2003,3,-18.0,154.0,27.89
2003,3,-17.0,145.0,28.35
2003,3,-17.0,146.0,28.27
2003,3,-17.0,147.0,28.3
2003,3,-17.0,148.0,28.24
2003,3,-17.0,149.0,28.25
2003,3,-17.0,150.0,28.28
2003,3,-17.0,151.0,28.25
2003,3,-17.0,152.0,28.15
2003,3,-17.0,153.0,28.3
2003,3,-17.0,154.0,28.42
2003,3,-16.0,145.0,28.39
2003,3,-16.0,146.0,28.36
2003,3,-16.0,147.0,28.38
2003,3,-16.0,148.0,28.32
2003,3,-16.0,149.0,28.41
2003,3,-16.0,150.0,28.48
2003,3,-16.0,151.0,28.49
2003,3,-16.0,152.0,28.47
2003,3,-16.0,153.0,28.53
2003,3,-16.0,154.0,28.58
2003,3,-15.0,144.0,28.87
2003,3,-15.0,145.0,28.31
2003,3,-15.0,146.0,28.46
2003,3,-15.0,147.0,28.43
2003,3,-15.0,148.0,28.43
2003,3,-15.0,149.0,28.53
2003,3,-15.0,150.0,28.53
2003,3,-15.0,151.0,28.52
2003,3,-15.0,152.0,28.53
2003,3,-15.0,153.0,28.61
2003,3,-15.0,154.0,28.64
2003,3,-14.0,144.0,28.46
2003,3,-14.0,145.0,28.4
2003,3,-14.0,146.0,28.47
2003,3,-14.0,147.0,28.57
2003,3,-14.0,148.0,28.65
2003,3,-14.0,149.0,28.62
2003,3,-14.0,150.0,28.63
2003,3,-14.0,151.0,28.78
2003,3,-14.0,152.0,28.78
2003,3,-14.0,153.0,28.83
2003,3,-14.0,154.0,28.81
2003,3,-13.0,143.0,28.53
2003,3,-13.0,144.0,28.42
2003,3,-13.0,145.0,28.72
2003,3,-13.0,146.0,28.77
2003,3,-13.0,147.0,28.71
2003,3,-13.0,148.0,28.83
2003,3,-13.0,149.0,29.0
2003,3,-13.0,150.0,29.01
2003,3,-13.0,151.0,29.06
2003,3,-13.0,152.0,29.06
2003,3,-13.0,153.0,29.07
2003,3,-13.0,154.0,29.07
2003,3,-12.0,142.0,29.02
2003,3,-12.0,143.0,28.89
2003,3,-12.0,144.0,28.63
2003,3,-12.0,145.0,29.07
2003,3,-12.0,146.0,29.18
2003,3,-12.0,147.0,29.11
2003,3,-12.0,148.0,28.99
2003,3,-12.0,149.0,29.11
2003,3,-12.0,150.0,29.08
2003,3,-12.0,151.0,29.11
2003,3,-12.0,152.0,29.27
2003,3,-12.0,153.0,29.41
2003,3,-12.0,154.0,29.39
2003,3,-11.0,142.0,28.9
2003,3,-11.0,143.0,29.06
2003,3,-11.0,144.0,28.79
2003,3,-11.0,145.0,29.0
2003,3,-11.0,146.0,29.06
2003,3,-11.0,147.0,29.01
2003,3,-11.0,148.0,28.9
2003,3,-11.0,149.0,29.1
2003,3,-11.0,150.0,29.15
2003,3,-11.0,151.0,28.93
2003,3,-11.0,152.0,29.0
2003,3,-11.0,153.0,29.33
2003,3,-11.0,154.0,29.42
2003,3,-10.0,142.0,29.06
2003,3,-10.0,143.0,28.99
2003,3,-10.0,144.0,28.73
2003,3,-10.0,145.0,28.95
2003,3,-10.0,146.0,29.11
2003,3,-10.0,147.0,29.18
2003,3,-10.0,148.0,29.03
2003,3,-10.0,149.0,29.14
2003,3,-10.0,150.0,29.36
2003,3,-10.0,151.0,29.18
2003,3,-10.0,152.0,29.22
2003,3,-10.0,153.0,29.41
2003,3,-10.0,154.0,29.47
2003,3,-9.0,142.0,29.34
2003,3,-9.0,143.0,29.24
2003,3,-9.0,144.0,29.16
2003,3,-9.0,145.0,29.11
2003,3,-9.0,146.0,29.26
2003,3,-9.0,147.0,29.37
2003,3,-9.0,149.0,29.41
2003,3,-9.0,150.0,29.34
2003,3,-9.0,151.0,29.16
2003,3,-9.0,152.0,29.4
2003,3,-9.0,153.0,29.5
2003,3,-9.0,154.0,29.59
2003,4,-24.0,151.0,25.45
2003,4,-24.0,152.0,25.91
2003,4,-24.0,153.0,26.39
2003,4,-24.0,154.0,26.5
2003,4,-23.0,150.0,25.49
2003,4,-23.0,151.0,26.04
2003,4,-23.0,152.0,26.38
2003,4,-23.0,153.0,26.49
2003,4,-23.0,154.0,26.7
2003,4,-22.0,149.0,26.32
2003,4,-22.0,150.0,26.36
2003,4,-22.0,151.0,26.85
2003,4,-22.0,152.0,26.82
2003,4,-22.0,153.0,26.8
2003,4,-22.0,154.0,26.66
2003,4,-21.0,149.0,26.76
2003,4,-21.0,150.0,27.01
2003,4,-21.0,151.0,26.96
2003,4,-21.0,152.0,27.09
2003,4,-21.0,153.0,26.96
2003,4,-21.0,154.0,26.69
2003,4,-20.0,148.0,27.31
2003,4,-20.0,149.0,27.19
2003,4,-20.0,150.0,27.17
2003,4,-20.0,151.0,27.27
2003,4,-20.0,152.0,27.17
2003,4,-20.0,153.0,26.74
2003,4,-20.0,154.0,26.98
2003,4,-19.0,146.0,27.79
2003,4,-19.0,147.0,27.55
2003,4,-19.0,148.0,27.55
2003,4,-19.0,149.0,27.49
2003,4,-19.0,150.0,27.32
2003,4,-19.0,151.0,26.99
2003,4,-19.0,152.0,26.95
2003,4,-19.0,153.0,26.79
2003,4,-19.0,154.0,27.04
2003,4,-18.0,146.0,27.66
2003,4,-18.0,147.0,27.62
2003,4,-18.0,148.0,27.63
2003,4,-18.0,149.0,27.5
2003,4,-18.0,150.0,27.31
2003,4,-18.0,151.0,27.19
2003,4,-18.0,152.0,27.25
2003,4,-18.0,153.0,27.43
2003,4,-18.0,154.0,27.47
2003,4,-17.0,145.0,27.7
2003,4,-17.0,146.0,27.62
2003,4,-17.0,147.0,27.7
2003,4,-17.0,148.0,27.62
2003,4,-17.0,149.0,27.55
2003,4,-17.0,150.0,27.4
2003,4,-17.0,151.0,27.42
2003,4,-17.0,152.0,27.56
2003,4,-17.0,153.0,27.65
2003,4,-17.0,154.0,27.63
2003,4,-16.0,145.0,27.6
2003,4,-16.0,146.0,27.65
2003,4,-16.0,147.0,27.79
2003,4,-16.0,148.0,27.7
2003,4,-16.0,149.0,27.53
2003,4,-16.0,150.0,27.48
2003,4,-16.0,151.0,27.59
2003,4,-16.0,152.0,27.62
2003,4,-16.0,153.0,27.59
2003,4,-16.0,154.0,27.59
2003,4,-15.0,144.0,27.97
2003,4,-15.0,145.0,27.5
2003,4,-15.0,146.0,27.67
2003,4,-15.0,147.0,27.7
2003,4,-15.0,148.0,27.62
2003,4,-15.0,149.0,27.61
2003,4,-15.0,150.0,27.63
2003,4,-15.0,151.0,27.68
2003,4,-15.0,152.0,27.65
2003,4,-15.0,153.0,27.51
2003,4,-15.0,154.0,27.35
2003,4,-14.0,144.0,27.62
2003,4,-14.0,145.0,27.72
2003,4,-14.0,146.0,27.86
2003,4,-14.0,147.0,27.95
2003,4,-14.0,148.0,28.0
2003,4,-14.0,149.0,27.97
2003,4,-14.0,150.0,27.83
2003,4,-14.0,151.0,27.74
2003,4,-14.0,152.0,27.82
2003,4,-14.0,153.0,27.84
2003,4,-14.0,154.0,27.78
2003,4,-13.0,143.0,27.61
2003,4,-13.0,144.0,27.71
2003,4,-13.0,145.0,28.06
2003,4,-13.0,146.0,28.07
2003,4,-13.0,147.0,28.13
2003,4,-13.0,148.0,28.27
2003,4,-13.0,149.0,28.25
2003,4,-13.0,150.0,28.17
2003,4,-13.0,151.0,28.02
2003,4,-13.0,152.0,27.97
2003,4,-13.0,153.0,28.07
2003,4,-13.0,154.0,28.07
2003,4,-12.0,142.0,28.51
2003,4,-12.0,143.0,27.77
2003,4,-12.0,144.0,27.83
2003,4,-12.0,145.0,28.23
2003,4,-12.0,146.0,28.25
2003,4,-12.0,147.0,28.22
2003,4,-12.0,148.0,28.19
2003,4,-12.0,149.0,28.24
2003,4,-12.0,150.0,28.16
2003,4,-12.0,151.0,28.1
2003,4,-12.0,152.0,28.14
2003,4,-12.0,153.0,28.18
2003,4,-12.0,154.0,28.17
2003,4,-11.0,142.0,28.28
2003,4,-11.0,143.0,28.13
2003,4,-11.0,144.0,28.0
2003,4,-11.0,145.0,28.29
2003,4,-11.0,146.0,28.33
2003,4,-11.0,147.0,28.28
2003,4,-11.0,148.0,28.25
2003,4,-11.0,149.0,28.25
2003,4,-11.0,150.0,28.04
2003,4,-11.0,151.0,27.73
2003,4,-11.0,152.0,27.75
2003,4,-11.0,153.0,28.28
2003,4,-11.0,154.0,28.41
2003,4,-10.0,142.0,28.2
2003,4,-10.0,143.0,28.19
2003,4,-10.0,144.0,27.91
2003,4,-10.0,145.0,28.11
2003,4,-10.0,146.0,28.3
2003,4,-10.0,147.0,28.3
2003,4,-10.0,148.0,28.15
2003,4,-10.0,149.0,28.15
2003,4,-10.0,150.0,28.61
2003,4,-10.0,151.0,28.25
2003,4,-10.0,152.0,28.41
2003,4,-10.0,153.0,28.56
2003,4,-10.0,154.0,28.61
2003,4,-9.0,142.0,28.3
2003,4,-9.0,143.0,28.23
2003,4,-9.0,144.0,28.17
2003,4,-9.0,145.0,28.15
2003,4,-9.0,146.0,28.31
2003,4,-9.0,147.0,28.43
2003,4,-9.0,149.0,28.96
2003,4,-9.0,150.0,28.86
2003,4,-9.0,151.0,28.51
2003,4,-9.0,152.0,28.62
2003,4,-9.0,153.0,28.75
2003,4,-9.0,154.0,28.9
2003,5,-24.0,151.0,22.73
2003,5,-24.0,152.0,23.93
2003,5,-24.0,153.0,24.96
2003,5,-24.0,154.0,25.14
2003,5,-23.0,150.0,23.03
2003,5,-23.0,151.0,23.61
2003,5,-23.0,152.0,24.69
2003,5,-23.0,153.0,25.05
2003,5,-23.0,154.0,25.4
2003,5,-22.0,149.0,23.51
2003,5,-22.0,150.0,23.94
2003,5,-22.0,151.0,24.84
2003,5,-22.0,152.0,25.21
2003,5,-22.0,153.0,25.5
2003,5,-22.0,154.0,25.57
2003,5,-21.0,149.0,24.27
2003,5,-21.0,150.0,25.06
2003,5,-21.0,151.0,25.41
2003,5,-21.0,152.0,25.79
2003,5,-21.0,153.0,25.71
2003,5,-21.0,154.0,25.45
2003,5,-20.0,148.0,25.15
2003,5,-20.0,149.0,25.3
2003,5,-20.0,150.0,25.66
2003,5,-20.0,151.0,26.0
2003,5,-20.0,152.0,25.76
2003,5,-20.0,153.0,25.54
2003,5,-20.0,154.0,25.42
2003,5,-19.0,146.0,25.29
2003,5,-19.0,147.0,25.41
2003,5,-19.0,148.0,25.96
2003,5,-19.0,149.0,26.2
2003,5,-19.0,150.0,26.28
2003,5,-19.0,151.0,26.12
2003,5,-19.0,152.0,25.77
2003,5,-19.0,153.0,25.78
2003,5,-19.0,154.0,25.78
2003,5,-18.0,146.0,25.65
2003,5,-18.0,147.0,26.24
2003,5,-18.0,148.0,26.39
2003,5,-18.0,149.0,26.5
2003,5,-18.0,150.0,26.43
2003,5,-18.0,151.0,26.26
2003,5,-18.0,152.0,26.13
2003,5,-18.0,153.0,26.04
2003,5,-18.0,154.0,26.11
2003,5,-17.0,145.0,25.69
2003,5,-17.0,146.0,25.97
2003,5,-17.0,147.0,26.48
2003,5,-17.0,148.0,26.52
2003,5,-17.0,149.0,26.63
2003,5,-17.0,150.0,26.68
2003,5,-17.0,151.0,26.64
2003,5,-17.0,152.0,26.53
2003,5,-17.0,153.0,26.53
2003,5,-17.0,154.0,26.52
2003,5,-16.0,145.0,25.86
2003,5,-16.0,146.0,26.45
2003,5,-16.0,147.0,26.75
2003,5,-16.0,148.0,26.72
2003,5,-16.0,149.0,26.72
2003,5,-16.0,150.0,26.76
2003,5,-16.0,151.0,26.83
2003,5,-16.0,152.0,26.93
2003,5,-16.0,153.0,27.06
2003,5,-16.0,154.0,27.2
2003,5,-15.0,144.0,26.64
2003,5,-15.0,145.0,25.98
2003,5,-15.0,146.0,26.67
2003,5,-15.0,147.0,26.88
2003,5,-15.0,148.0,26.9
2003,5,-15.0,149.0,26.83
2003,5,-15.0,150.0,26.81
2003,5,-15.0,151.0,26.85
2003,5,-15.0,152.0,27.03
2003,5,-15.0,153.0,27.23
2003,5,-15.0,154.0,27.33
2003,5,-14.0,144.0,26.38
2003,5,-14.0,145.0,26.56
2003,5,-14.0,146.0,26.85
2003,5,-14.0,147.0,27.04
2003,5,-14.0,148.0,27.12
2003,5,-14.0,149.0,27.1
2003,5,-14.0,150.0,26.96
2003,5,-14.0,151.0,26.8
2003,5,-14.0,152.0,27.0
2003,5,-14.0,153.0,27.35
2003,5,-14.0,154.0,27.54
2003,5,-13.0,143.0,26.39
2003,5,-13.0,144.0,26.7
2003,5,-13.0,145.0,27.02
2003,5,-13.0,146.0,27.2
2003,5,-13.0,147.0,27.3
2003,5,-13.0,148.0,27.3
2003,5,-13.0,149.0,27.34
2003,5,-13.0,150.0,27.31
2003,5,-13.0,151.0,27.2
2003,5,-13.0,152.0,27.26
2003,5,-13.0,153.0,27.45
2003,5,-13.0,154.0,27.61
2003,5,-12.0,142.0,27.51
2003,5,-12.0,143.0,26.63
2003,5,-12.0,144.0,26.88
2003,5,-12.0,145.0,27.29
2003,5,-12.0,146.0,27.43
2003,5,-12.0,147.0,27.44
2003,5,-12.0,148.0,27.36
2003,5,-12.0,149.0,27.39
2003,5,-12.0,150.0,27.39
2003,5,-12.0,151.0,27.32
2003,5,-12.0,152.0,27.44
2003,5,-12.0,153.0,27.42
2003,5,-12.0,154.0,27.56
2003,5,-11.0,142.0,27.2
2003,5,-11.0,143.0,26.98
2003,5,-11.0,144.0,27.0
2003,5,-11.0,145.0,27.25
2003,5,-11.0,146.0,27.38
2003,5,-11.0,147.0,27.47
2003,5,-11.0,148.0,27.37
2003,5,-11.0,149.0,27.4
2003,5,-11.0,150.0,27.33
2003,5,-11.0,151.0,26.93
2003,5,-11.0,152.0,27.22
2003,5,-11.0,153.0,27.69
2003,5,-11.0,154.0,27.94
2003,5,-10.0,142.0,27.35
2003,5,-10.0,143.0,27.32
2003,5,-10.0,144.0,27.22
2003,5,-10.0,145.0,27.29
2003,5,-10.0,146.0,27.37
2003,5,-10.0,147.0,27.42
2003,5,-10.0,148.0,27.24
2003,5,-10.0,149.0,27.31
2003,5,-10.0,150.0,27.78
2003,5,-10.0,151.0,27.53
2003,5,-10.0,152.0,27.86
2003,5,-10.0,153.0,28.05
2003,5,-10.0,154.0,28.2
2003,5,-9.0,142.0,27.46
2003,5,-9.0,143.0,27.45
2003,5,-9.0,144.0,27.49
2003,5,-9.0,145.0,27.6
2003,5,-9.0,146.0,27.67
2003,5,-9.0,147.0,27.67
2003,5,-9.0,149.0,28.5
2003,5,-9.0,150.0,28.15
2003,5,-9.0,151.0,27.82
2003,5,-9.0,152.0,28.13
2003,5,-9.0,153.0,28.2
2003,5,-9.0,154.0,28.4
2003,6,-24.0,151.0,21.13
2003,6,-24.0,152.0,22.79
2003,6,-24.0,153.0,24.06
2003,6,-24.0,154.0,24.2
2003,6,-23.0,150.0,21.1
2003,6,-23.0,151.0,22.19
2003,6,-23.0,152.0,23.55
2003,6,-23.0,153.0,24.04
2003,6,-23.0,154.0,24.33
2003,6,-22.0,149.0,21.7
2003,6,-22.0,150.0,22.39
2003,6,-22.0,151.0,23.32
2003,6,-22.0,152.0,23.89
2003,6,-22.0,153.0,24.44
2003,6,-22.0,154.0,24.37
2003,6,-21.0,149.0,22.63
2003,6,-21.0,150.0,23.64
2003,6,-21.0,151.0,24.19
2003,6,-21.0,152.0,24.77
2003,6,-21.0,153.0,24.71
2003,6,-21.0,154.0,24.38
2003,6,-20.0,148.0,23.79
2003,6,-20.0,149.0,24.05
2003,6,-20.0,150.0,24.38
2003,6,-20.0,151.0,24.87
2003,6,-20.0,152.0,24.85
2003,6,-20.0,153.0,24.62
2003,6,-20.0,154.0,24.59
2003,6,-19.0,146.0,23.79
2003,6,-19.0,147.0,24.2
2003,6,-19.0,148.0,24.86
2003,6,-19.0,149.0,25.09
2003,6,-19.0,150.0,25.06
2003,6,-19.0,151.0,24.98
2003,6,-19.0,152.0,24.93
2003,6,-19.0,153.0,24.92
2003,6,-19.0,154.0,24.96
2003,6,-18.0,146.0,24.3
2003,6,-18.0,147.0,25.29
2003,6,-18.0,148.0,25.48
2003,6,-18.0,149.0,25.45
2003,6,-18.0,150.0,25.33
2003,6,-18.0,151.0,25.24
2003,6,-18.0,152.0,25.36
2003,6,-18.0,153.0,25.49
2003,6,-18.0,154.0,25.53
2003,6,-17.0,145.0,24.37
2003,6,-17.0,146.0,25.06
2003,6,-17.0,147.0,25.69
2003,6,-17.0,148.0,25.75
2003,6,-17.0,149.0,25.86
2003,6,-17.0,150.0,25.8
2003,6,-17.0,151.0,25.65
2003,6,-17.0,152.0,25.68
2003,6,-17.0,153.0,25.98
2003,6,-17.0,154.0,26.09
2003,6,-16.0,145.0,24.81
2003,6,-16.0,146.0,25.64
2003,6,-16.0,147.0,25.89
2003,6,-16.0,148.0,25.95
2003,6,-16.0,149.0,26.14
2003,6,-16.0,150.0,26.27
2003,6,-16.0,151.0,26.34
2003,6,-16.0,152.0,26.43
2003,6,-16.0,153.0,26.54
2003,6,-16.0,154.0,26.57
2003,6,-15.0,144.0,25.72
2003,6,-15.0,145.0,25.12
2003,6,-15.0,146.0,25.95
2003,6,-15.0,147.0,26.07
2003,6,-15.0,148.0,26.18
2003,6,-15.0,149.0,26.34
2003,6,-15.0,150.0,26.43
2003,6,-15.0,151.0,26.55
2003,6,-15.0,152.0,26.7
2003,6,-15.0,153.0,26.73
2003,6,-15.0,154.0,26.76
2003,6,-14.0,144.0,25.61
2003,6,-14.0,145.0,25.85
2003,6,-14.0,146.0,26.18
2003,6,-14.0,147.0,26.25
2003,6,-14.0,148.0,26.33
2003,6,-14.0,149.0,26.45
2003,6,-14.0,150.0,26.51
2003,6,-14.0,151.0,26.51
2003,6,-14.0,152.0,26.68
2003,6,-14.0,153.0,26.91
2003,6,-14.0,154.0,27.07
2003,6,-13.0,143.0,25.67
2003,6,-13.0,144.0,25.94
2003,6,-13.0,145.0,26.23
2003,6,-13.0,146.0,26.37
2003,6,-13.0,147.0,26.44
2003,6,-13.0,148.0,26.54
2003,6,-13.0,149.0,26.75
2003,6,-13.0,150.0,26.81
2003,6,-13.0,151.0,26.82
2003,6,-13.0,152.0,26.67
2003,6,-13.0,153.0,26.84
2003,6,-13.0,154.0,27.0
2003,6,-12.0,142.0,26.52
2003,6,-12.0,143.0,25.9
2003,6,-12.0,144.0,26.1
2003,6,-12.0,145.0,26.52
2003,6,-12.0,146.0,26.67
2003,6,-12.0,147.0,26.71
2003,6,-12.0,148.0,26.75
2003,6,-12.0,149.0,26.84
2003,6,-12.0,150.0,26.88
2003,6,-12.0,151.0,26.93
2003,6,-12.0,152.0,26.96
2003,6,-12.0,153.0,26.9
2003,6,-12.0,154.0,26.9
2003,6,-11.0,142.0,26.43
2003,6,-11.0,143.0,26.18
2003,6,-11.0,144.0,26.26
2003,6,-11.0,145.0,26.6
2003,6,-11.0,146.0,26.74
2003,6,-11.0,147.0,26.8
2003,6,-11.0,148.0,26.84
2003,6,-11.0,149.0,26.9
2003,6,-11.0,150.0,26.86
2003,6,-11.0,151.0,26.74
2003,6,-11.0,152.0,27.07
2003,6,-11.0,153.0,27.46
2003,6,-11.0,154.0,27.66
2003,6,-10.0,142.0,26.59
2003,6,-10.0,143.0,26.64
2003,6,-10.0,144.0,26.59
2003,6,-10.0,145.0,26.65
2003,6,-10.0,146.0,26.86
2003,6,-10.0,147.0,26.99
2003,6,-10.0,148.0,26.8
2003,6,-10.0,149.0,26.88
2003,6,-10.0,150.0,27.47
2003,6,-10.0,151.0,27.42
2003,6,-10.0,152.0,27.69
2003,6,-10.0,153.0,27.86
2003,6,-10.0,154.0,27.95
2003,6,-9.0,142.0,26.7
2003,6,-9.0,143.0,26.9
2003,6,-9.0,144.0,26.99
2003,6,-9.0,145.0,27.07
2003,6,-9.0,146.0,27.3
2003,6,-9.0,147.0,27.42
2003,6,-9.0,149.0,28.29
2003,6,-9.0,150.0,27.85
2003,6,-9.0,151.0,27.66
2003,6,-9.0,152.0,27.65
2003,6,-9.0,153.0,27.75
2003,6,-9.0,154.0,27.97
2003,7,-24.0,151.0,19.54
2003,7,-24.0,152.0,21.37
2003,7,-24.0,153.0,23.0
2003,7,-24.0,154.0,23.15
2003,7,-23.0,150.0,19.24
2003,7,-23.0,151.0,20.82
2003,7,-23.0,152.0,22.23
2003,7,-23.0,153.0,23.21
2003,7,-23.0,154.0,23.47
2003,7,-22.0,149.0,20.03
2003,7,-22.0,150.0,20.8
2003,7,-22.0,151.0,21.86
2003,7,-22.0,152.0,22.6
2003,7,-22.0,153.0,23.52
2003,7,-22.0,154.0,23.65
2003,7,-21.0,149.0,21.08
2003,7,-21.0,150.0,22.23
2003,7,-21.0,151.0,23.07
2003,7,-21.0,152.0,23.79
2003,7,-21.0,153.0,23.98
2003,7,-21.0,154.0,23.75
2003,7,-20.0,148.0,22.38
2003,7,-20.0,149.0,22.69
2003,7,-20.0,150.0,23.34
2003,7,-20.0,151.0,24.07
2003,7,-20.0,152.0,24.17
2003,7,-20.0,153.0,24.28
2003,7,-20.0,154.0,24.27
2003,7,-19.0,146.0,22.22
2003,7,-19.0,147.0,22.82
2003,7,-19.0,148.0,23.77
2003,7,-19.0,149.0,24.15
2003,7,-19.0,150.0,24.34
2003,7,-19.0,151.0,24.4
2003,7,-19.0,152.0,24.54
2003,7,-19.0,153.0,24.79
2003,7,-19.0,154.0,24.9
2003,7,-18.0,146.0,23.04
2003,7,-18.0,147.0,24.31
2003,7,-18.0,148.0,24.7
2003,7,-18.0,149.0,24.69
2003,7,-18.0,150.0,24.6
2003,7,-18.0,151.0,24.66
2003,7,-18.0,152.0,24.93
2003,7,-18.0,153.0,25.21
2003,7,-18.0,154.0,25.31
2003,7,-17.0,145.0,23.02
2003,7,-17.0,146.0,23.89
2003,7,-17.0,147.0,24.89
2003,7,-17.0,148.0,25.08
2003,7,-17.0,149.0,25.1
2003,7,-17.0,150.0,24.91
2003,7,-17.0,151.0,24.94
2003,7,-17.0,152.0,25.1
2003,7,-17.0,153.0,25.28
2003,7,-17.0,154.0,25.43
2003,7,-16.0,145.0,23.58
2003,7,-16.0,146.0,24.78
2003,7,-16.0,147.0,25.24
2003,7,-16.0,148.0,25.31
2003,7,-16.0,149.0,25.35
2003,7,-16.0,150.0,25.44
2003,7,-16.0,151.0,25.48
2003,7,-16.0,152.0,25.61
2003,7,-16.0,153.0,25.71
2003,7,-16.0,154.0,25.83
2003,7,-15.0,144.0,24.49
2003,7,-15.0,145.0,23.88
2003,7,-15.0,146.0,25.18
2003,7,-15.0,147.0,25.55
2003,7,-15.0,148.0,25.6
2003,7,-15.0,149.0,25.59
2003,7,-15.0,150.0,25.63
2003,7,-15.0,151.0,25.78
2003,7,-15.0,152.0,25.92
2003,7,-15.0,153.0,25.98
2003,7,-15.0,154.0,26.11
2003,7,-14.0,144.0,24.52
2003,7,-14.0,145.0,24.95
2003,7,-14.0,146.0,25.44
2003,7,-14.0,147.0,25.6
2003,7,-14.0,148.0,25.77
2003,7,-14.0,149.0,25.86
2003,7,-14.0,150.0,25.89
2003,7,-14.0,151.0,25.91
2003,7,-14.0,152.0,26.05
2003,7,-14.0,153.0,26.11
2003,7,-14.0,154.0,26.16
2003,7,-13.0,143.0,24.69
2003,7,-13.0,144.0,25.07
2003,7,-13.0,145.0,25.43
2003,7,-13.0,146.0,25.55
2003,7,-13.0,147.0,25.61
2003,7,-13.0,148.0,25.77
2003,7,-13.0,149.0,26.0
2003,7,-13.0,150.0,26.11
2003,7,-13.0,151.0,26.13
2003,7,-13.0,152.0,26.08
2003,7,-13.0,153.0,26.12
2003,7,-13.0,154.0,26.17
2003,7,-12.0,142.0,25.45
2003,7,-12.0,143.0,24.93
2003,7,-12.0,144.0,25.25
2003,7,-12.0,145.0,25.64
2003,7,-12.0,146.0,25.79
2003,7,-12.0,147.0,25.85
2003,7,-12.0,148.0,25.93
2003,7,-12.0,149.0,26.03
2003,7,-12.0,150.0,26.13
2003,7,-12.0,151.0,26.19
2003,7,-12.0,152.0,26.2
2003,7,-12.0,153.0,26.19
2003,7,-12.0,154.0,26.23
2003,7,-11.0,142.0,25.44
2003,7,-11.0,143.0,25.26
2003,7,-11.0,144.0,25.31
2003,7,-11.0,145.0,25.55
2003,7,-11.0,146.0,25.74
2003,7,-11.0,147.0,25.93
2003,7,-11.0,148.0,25.97
2003,7,-11.0,149.0,26.02
2003,7,-11.0,150.0,26.1
2003,7,-11.0,151.0,26.07
2003,7,-11.0,152.0,26.51
2003,7,-11.0,153.0,26.85
2003,7,-11.0,154.0,26.97
2003,7,-10.0,142.0,25.76
2003,7,-10.0,143.0,25.81
2003,7,-10.0,144.0,25.65
2003,7,-10.0,145.0,25.65
2003,7,-10.0,146.0,25.82
2003,7,-10.0,147.0,25.89
2003,7,-10.0,148.0,25.83
2003,7,-10.0,149.0,26.01
2003,7,-10.0,150.0,26.81
2003,7,-10.0,151.0,27.01
2003,7,-10.0,152.0,27.16
2003,7,-10.0,153.0,27.17
2003,7,-10.0,154.0,27.25
2003,7,-9.0,142.0,26.06
2003,7,-9.0,143.0,26.13
2003,7,-9.0,144.0,26.19
2003,7,-9.0,145.0,26.19
2003,7,-9.0,146.0,26.16
2003,7,-9.0,147.0,26.08
2003,7,-9.0,149.0,27.31
2003,7,-9.0,150.0,27.22
2003,7,-9.0,151.0,27.21
2003,7,-9.0,152.0,27.31
2003,7,-9.0,153.0,27.17
2003,7,-9.0,154.0,27.25
2003,8,-24.0,151.0,19.7
2003,8,-24.0,152.0,21.28
2003,8,-24.0,153.0,22.48
2003,8,-24.0,154.0,22.85
2003,8,-23.0,150.0,19.34
2003,8,-23.0,151.0,20.58
2003,8,-23.0,152.0,21.88
2003,8,-23.0,153.0,22.44
2003,8,-23.0,154.0,23.05
2003,8,-22.0,149.0,20.24
2003,8,-22.0,150.0,20.6
2003,8,-22.0,151.0,21.39
2003,8,-22.0,152.0,21.98
2003,8,-22.0,153.0,22.79
2003,8,-22.0,154.0,23.5
2003,8,-21.0,149.0,21.21
2003,8,-21.0,150.0,21.88
2003,8,-21.0,151.0,22.63
2003,8,-21.0,152.0,23.38
2003,8,-21.0,153.0,23.65
2003,8,-21.0,154.0,23.65
2003,8,-20.0,148.0,22.54
2003,8,-20.0,149.0,22.54
2003,8,-20.0,150.0,22.91
2003,8,-20.0,151.0,23.69
2003,8,-20.0,152.0,23.95
2003,8,-20.0,153.0,23.79
2003,8,-20.0,154.0,23.62
2003,8,-19.0,146.0,22.57
2003,8,-19.0,147.0,23.05
2003,8,-19.0,148.0,23.6
2003,8,-19.0,149.0,23.8
2003,8,-19.0,150.0,24.02
2003,8,-19.0,151.0,24.22
2003,8,-19.0,152.0,24.25
2003,8,-19.0,153.0,23.93
2003,8,-19.0,154.0,23.68
2003,8,-18.0,146.0,23.13
2003,8,-18.0,147.0,23.97
2003,8,-18.0,148.0,24.14
2003,8,-18.0,149.0,24.15
2003,8,-18.0,150.0,24.31
2003,8,-18.0,151.0,24.31
2003,8,-18.0,152.0,24.26
2003,8,-18.0,153.0,24.13
2003,8,-18.0,154.0,24.08
2003,8,-17.0,145.0,23.3
2003,8,-17.0,146.0,23.87
2003,8,-17.0,147.0,24.38
2003,8,-17.0,148.0,24.39
2003,8,-17.0,149.0,24.45
2003,8,-17.0,150.0,24.47
2003,8,-17.0,151.0,24.5
2003,8,-17.0,152.0,24.37
2003,8,-17.0,153.0,24.3
2003,8,-17.0,154.0,24.4
2003,8,-16.0,145.0,23.49
2003,8,-16.0,146.0,24.28
2003,8,-16.0,147.0,24.58
2003,8,-16.0,148.0,24.68
2003,8,-16.0,149.0,24.71
2003,8,-16.0,150.0,24.77
2003,8,-16.0,151.0,24.88
2003,8,-16.0,152.0,24.88
2003,8,-16.0,153.0,24.84
2003,8,-16.0,154.0,24.95
2003,8,-15.0,144.0,24.47
2003,8,-15.0,145.0,23.72
2003,8,-15.0,146.0,24.62
2003,8,-15.0,147.0,24.87
2003,8,-15.0,148.0,25.03
2003,8,-15.0,149.0,25.08
2003,8,-15.0,150.0,25.13
2003,8,-15.0,151.0,25.2
2003,8,-15.0,152.0,25.33
2003,8,-15.0,153.0,25.56
2003,8,-15.0,154.0,25.74
2003,8,-14.0,144.0,24.22
2003,8,-14.0,145.0,24.64
2003,8,-14.0,146.0,24.97
2003,8,-14.0,147.0,25.05
2003,8,-14.0,148.0,25.23
2003,8,-14.0,149.0,25.33
2003,8,-14.0,150.0,25.35
2003,8,-14.0,151.0,25.32
2003,8,-14.0,152.0,25.44
2003,8,-14.0,153.0,25.57
2003,8,-14.0,154.0,25.72
2003,8,-13.0,143.0,24.33
2003,8,-13.0,144.0,24.73
2003,8,-13.0,145.0,25.08
2003,8,-13.0,146.0,25.12
2003,8,-13.0,147.0,25.04
2003,8,-13.0,148.0,25.24
2003,8,-13.0,149.0,25.46
2003,8,-13.0,150.0,25.46
2003,8,-13.0,151.0,25.43
2003,8,-13.0,152.0,25.54
2003,8,-13.0,153.0,25.57
2003,8,-13.0,154.0,25.62
2003,8,-12.0,142.0,25.27
2003,8,-12.0,143.0,24.57
2003,8,-12.0,144.0,24.91
2003,8,-12.0,145.0,25.15
2003,8,-12.0,146.0,25.14
2003,8,-12.0,147.0,25.16
2003,8,-12.0,148.0,25.28
2003,8,-12.0,149.0,25.47
2003,8,-12.0,150.0,25.51
2003,8,-12.0,151.0,25.48
2003,8,-12.0,152.0,25.62
2003,8,-12.0,153.0,25.65
2003,8,-12.0,154.0,25.66
2003,8,-11.0,142.0,25.08
2003,8,-11.0,143.0,24.85
2003,8,-11.0,144.0,25.03
2003,8,-11.0,145.0,25.14
2003,8,-11.0,146.0,25.17
2003,8,-11.0,147.0,25.24
2003,8,-11.0,148.0,25.34
2003,8,-11.0,149.0,25.43
2003,8,-11.0,150.0,25.4
2003,8,-11.0,151.0,25.63
2003,8,-11.0,152.0,26.17
2003,8,-11.0,153.0,26.4
2003,8,-11.0,154.0,26.53
2003,8,-10.0,142.0,25.27
2003,8,-10.0,143.0,25.28
2003,8,-10.0,144.0,25.33
2003,8,-10.0,145.0,25.35
2003,8,-10.0,146.0,25.21
2003,8,-10.0,147.0,25.18
2003,8,-10.0,148.0,25.14
2003,8,-10.0,149.0,25.32
2003,8,-10.0,150.0,26.21
2003,8,-10.0,151.0,26.48
2003,8,-10.0,152.0,26.87
2003,8,-10.0,153.0,26.91
2003,8,-10.0,154.0,27.06
2003,8,-9.0,142.0,25.42
2003,8,-9.0,143.0,25.52
2003,8,-9.0,144.0,25.64
2003,8,-9.0,145.0,25.56
2003,8,-9.0,146.0,25.39
2003,8,-9.0,147.0,25.25
2003,8,-9.0,149.0,26.82
2003,8,-9.0,150.0,26.7
2003,8,-9.0,151.0,26.78
2003,8,-9.0,152.0,26.97
2003,8,-9.0,153.0,27.01
2003,8,-9.0,154.0,27.2
2003,9,-24.0,151.0,21.56
2003,9,-24.0,152.0,21.73
2003,9,-24.0,153.0,22.7
2003,9,-24.0,154.0,23.28
2003,9,-23.0,150.0,21.68
2003,9,-23.0,151.0,21.72
2003,9,-23.0,152.0,22.19
2003,9,-23.0,153.0,22.62
2003,9,-23.0,154.0,23.52
2003,9,-22.0,149.0,22.34
2003,9,-22.0,150.0,22.19
2003,9,-22.0,151.0,22.56
2003,9,-22.0,152.0,22.8
2003,9,-22.0,153.0,23.23
2003,9,-22.0,154.0,23.83
2003,9,-21.0,149.0,22.97
2003,9,-21.0,150.0,23.1
2003,9,-21.0,151.0,23.31
2003,9,-21.0,152.0,23.84
2003,9,-21.0,153.0,23.94
2003,9,-21.0,154.0,23.88
2003,9,-20.0,148.0,23.75
2003,9,-20.0,149.0,23.66
2003,9,-20.0,150.0,23.71
2003,9,-20.0,151.0,24.06
2003,9,-20.0,152.0,24.06
2003,9,-20.0,153.0,23.95
2003,9,-20.0,154.0,23.76
2003,9,-19.0,146.0,24.22
2003,9,-19.0,147.0,24.1
2003,9,-19.0,148.0,24.2
2003,9,-19.0,149.0,24.33
2003,9,-19.0,150.0,24.21
2003,9,-19.0,151.0,24.15
2003,9,-19.0,152.0,24.17
2003,9,-19.0,153.0,23.95
2003,9,-19.0,154.0,23.77
2003,9,-18.0,146.0,24.35
2003,9,-18.0,147.0,24.49
2003,9,-18.0,148.0,24.51
2003,9,-18.0,149.0,24.42
2003,9,-18.0,150.0,24.25
2003,9,-18.0,151.0,24.22
2003,9,-18.0,152.0,24.41
2003,9,-18.0,153.0,24.46
2003,9,-18.0,154.0,24.34
2003,9,-17.0,145.0,24.52
2003,9,-17.0,146.0,24.52
2003,9,-17.0,147.0,24.7
2003,9,-17.0,148.0,24.52
2003,9,-17.0,149.0,24.52
2003,9,-17.0,150.0,24.47
2003,9,-17.0,151.0,24.53
2003,9,-17.0,152.0,24.72
2003,9,-17.0,153.0,24.98
2003,9,-17.0,154.0,24.97
2003,9,-16.0,145.0,24.39
2003,9,-16.0,146.0,24.62
2003,9,-16.0,147.0,24.81
2003,9,-16.0,148.0,24.74
2003,9,-16.0,149.0,24.72
2003,9,-16.0,150.0,24.74
2003,9,-16.0,151.0,24.71
2003,9,-16.0,152.0,24.95
2003,9,-16.0,153.0,25.27
2003,9,-16.0,154.0,25.27
2003,9,-15.0,144.0,25.45
2003,9,-15.0,145.0,24.47
2003,9,-15.0,146.0,24.86
2003,9,-15.0,147.0,25.04
2003,9,-15.0,148.0,24.99
2003,9,-15.0,149.0,24.83
2003,9,-15.0,150.0,24.85
2003,9,-15.0,151.0,24.94
2003,9,-15.0,152.0,25.25
2003,9,-15.0,153.0,25.47
2003,9,-15.0,154.0,25.49
2003,9,-14.0,144.0,24.83
2003,9,-14.0,145.0,24.8
2003,9,-14.0,146.0,25.02
2003,9,-14.0,147.0,25.12
2003,9,-14.0,148.0,25.13
2003,9,-14.0,149.0,25.02
2003,9,-14.0,150.0,25.05
2003,9,-14.0,151.0,25.14
2003,9,-14.0,152.0,25.34
2003,9,-14.0,153.0,25.41
2003,9,-14.0,154.0,25.63
2003,9,-13.0,143.0,25.0
2003,9,-13.0,144.0,24.86
2003,9,-13.0,145.0,24.96
2003,9,-13.0,146.0,24.97
2003,9,-13.0,147.0,24.94
2003,9,-13.0,148.0,25.12
2003,9,-13.0,149.0,25.27
2003,9,-13.0,150.0,25.23
2003,9,-13.0,151.0,25.21
2003,9,-13.0,152.0,25.43
2003,9,-13.0,153.0,25.67
2003,9,-13.0,154.0,25.88
2003,9,-12.0,142.0,26.03
2003,9,-12.0,143.0,24.96
2003,9,-12.0,144.0,24.92
2003,9,-12.0,145.0,25.02
2003,9,-12.0,146.0,25.13
2003,9,-12.0,147.0,25.1
2003,9,-12.0,148.0,25.1
2003,9,-12.0,149.0,25.32
2003,9,-12.0,150.0,25.39
2003,9,-12.0,151.0,25.37
2003,9,-12.0,152.0,25.55
2003,9,-12.0,153.0,25.79
2003,9,-12.0,154.0,26.15
2003,9,-11.0,142.0,25.68
2003,9,-11.0,143.0,25.28
2003,9,-11.0,144.0,25.22
2003,9,-11.0,145.0,25.2
2003,9,-11.0,146.0,25.14
2003,9,-11.0,147.0,25.14
2003,9,-11.0,148.0,25.13
2003,9,-11.0,149.0,25.28
2003,9,-11.0,150.0,25.28
2003,9,-11.0,151.0,25.65
2003,9,-11.0,152.0,26.18
2003,9,-11.0,153.0,26.5
2003,9,-11.0,154.0,26.77
2003,9,-10.0,142.0,25.83
2003,9,-10.0,143.0,25.79
2003,9,-10.0,144.0,25.5
2003,9,-10.0,145.0,25.42
2003,9,-10.0,146.0,25.25
2003,9,-10.0,147.0,25.16
2003,9,-10.0,148.0,25.16
2003,9,-10.0,149.0,25.36
2003,9,-10.0,150.0,26.44
2003,9,-10.0,151.0,26.62
2003,9,-10.0,152.0,26.83
2003,9,-10.0,153.0,26.87
2003,9,-10.0,154.0,26.99
2003,9,-9.0,142.0,26.11
2003,9,-9.0,143.0,26.17
2003,9,-9.0,144.0,26.03
2003,9,-9.0,145.0,25.64
2003,9,-9.0,146.0,25.48
2003,9,-9.0,147.0,25.27
2003,9,-9.0,149.0,27.08
2003,9,-9.0,150.0,26.97
2003,9,-9.0,151.0,26.83
2003,9,-9.0,152.0,27.06
2003,9,-9.0,153.0,27.1
2003,9,-9.0,154.0,27.23
2003,10,-24.0,151.0,23.68
2003,10,-24.0,152.0,23.23
2003,10,-24.0,153.0,23.8
2003,10,-24.0,154.0,24.38
2003,10,-23.0,150.0,23.87
2003,10,-23.0,151.0,23.71
2003,10,-23.0,152.0,23.54
2003,10,-23.0,153.0,23.95
2003,10,-23.0,154.0,24.5
2003,10,-22.0,149.0,24.86
2003,10,-22.0,150.0,24.46
2003,10,-22.0,151.0,24.44
2003,10,-22.0,152.0,24.31
2003,10,-22.0,153.0,24.47
2003,10,-22.0,154.0,24.63
2003,10,-21.0,149.0,25.06
2003,10,-21.0,150.0,24.84
2003,10,-21.0,151.0,24.68
2003,10,-21.0,152.0,24.91
2003,10,-21.0,153.0,24.87
2003,10,-21.0,154.0,24.59
2003,10,-20.0,148.0,25.39
2003,10,-20.0,149.0,25.14
2003,10,-20.0,150.0,25.03
2003,10,-20.0,151.0,25.15
2003,10,-20.0,152.0,25.12
2003,10,-20.0,153.0,25.01
2003,10,-20.0,154.0,24.77
2003,10,-19.0,146.0,26.24
2003,10,-19.0,147.0,25.74
2003,10,-19.0,148.0,25.43
2003,10,-19.0,149.0,25.45
2003,10,-19.0,150.0,25.34
2003,10,-19.0,151.0,25.24
2003,10,-19.0,152.0,25.08
2003,10,-19.0,153.0,25.02
2003,10,-19.0,154.0,25.28
2003,10,-18.0,146.0,26.11
2003,10,-18.0,147.0,25.71
2003,10,-18.0,148.0,25.61
2003,10,-18.0,149.0,25.51
2003,10,-18.0,150.0,25.41
2003,10,-18.0,151.0,25.26
2003,10,-18.0,152.0,25.01
2003,10,-18.0,153.0,25.24
2003,10,-18.0,154.0,25.64
2003,10,-17.0,145.0,26.37
2003,10,-17.0,146.0,26.02
2003,10,-17.0,147.0,25.77
2003,10,-17.0,148.0,25.56
2003,10,-17.0,149.0,25.66
2003,10,-17.0,150.0,25.62
2003,10,-17.0,151.0,25.62
2003,10,-17.0,152.0,25.53
2003,10,-17.0,153.0,25.84
2003,10,-17.0,154.0,26.07
2003,10,-16.0,145.0,26.16
2003,10,-16.0,146.0,25.9
2003,10,-16.0,147.0,25.83
2003,10,-16.0,148.0,25.85
2003,10,-16.0,149.0,25.84
2003,10,-16.0,150.0,25.85
2003,10,-16.0,151.0,25.93
2003,10,-16.0,152.0,26.12
2003,10,-16.0,153.0,26.25
2003,10,-16.0,154.0,26.2
2003,10,-15.0,144.0,27.36
2003,10,-15.0,145.0,26.09
2003,10,-15.0,146.0,25.81
2003,10,-15.0,147.0,25.86
2003,10,-15.0,148.0,25.97
2003,10,-15.0,149.0,26.02
2003,10,-15.0,150.0,26.2
2003,10,-15.0,151.0,26.37
2003,10,-15.0,152.0,26.43
2003,10,-15.0,153.0,26.61
2003,10,-15.0,154.0,26.57
2003,10,-14.0,144.0,26.3
2003,10,-14.0,145.0,25.89
2003,10,-14.0,146.0,25.89
2003,10,-14.0,147.0,25.98
2003,10,-14.0,148.0,25.98
2003,10,-14.0,149.0,26.07
2003,10,-14.0,150.0,26.28
2003,10,-14.0,151.0,26.55
2003,10,-14.0,152.0,26.78
2003,10,-14.0,153.0,26.93
2003,10,-14.0,154.0,27.06
2003,10,-13.0,143.0,26.4
2003,10,-13.0,144.0,26.0
2003,10,-13.0,145.0,25.99
2003,10,-13.0,146.0,26.03
2003,10,-13.0,147.0,26.06
2003,10,-13.0,148.0,26.13
2003,10,-13.0,149.0,26.18
2003,10,-13.0,150.0,26.34
2003,10,-13.0,151.0,26.54
2003,10,-13.0,152.0,26.88
2003,10,-13.0,153.0,27.22
2003,10,-13.0,154.0,27.51
2003,10,-12.0,142.0,27.55
2003,10,-12.0,143.0,26.58
2003,10,-12.0,144.0,26.09
2003,10,-12.0,145.0,26.11
2003,10,-12.0,146.0,26.15
2003,10,-12.0,147.0,26.08
2003,10,-12.0,148.0,26.13
2003,10,-12.0,149.0,26.26
2003,10,-12.0,150.0,26.48
2003,10,-12.0,151.0,26.63
2003,10,-12.0,152.0,26.85
2003,10,-12.0,153.0,27.18
2003,10,-12.0,154.0,27.5
2003,10,-11.0,142.0,27.13
2003,10,-11.0,143.0,26.69
2003,10,-11.0,144.0,26.34
2003,10,-11.0,145.0,26.33
2003,10,-11.0,146.0,26.22
2003,10,-11.0,147.0,26.2
2003,10,-11.0,148.0,26.27
2003,10,-11.0,149.0,26.29
2003,10,-11.0,150.0,26.34
2003,10,-11.0,151.0,26.81
2003,10,-11.0,152.0,27.44
2003,10,-11.0,153.0,27.87
2003,10,-11.0,154.0,28.1
2003,10,-10.0,142.0,27.2
2003,10,-10.0,143.0,26.99
2003,10,-10.0,144.0,26.56
2003,10,-10.0,145.0,26.5
2003,10,-10.0,146.0,26.39
2003,10,-10.0,147.0,26.18
2003,10,-10.0,148.0,26.14
2003,10,-10.0,149.0,26.36
2003,10,-10.0,150.0,27.64
2003,10,-10.0,151.0,27.84
2003,10,-10.0,152.0,28.15
2003,10,-10.0,153.0,28.33
2003,10,-10.0,154.0,28.51
2003,10,-9.0,142.0,27.56
2003,10,-9.0,143.0,27.38
2003,10,-9.0,144.0,27.03
2003,10,-9.0,145.0,26.71
2003,10,-9.0,146.0,26.79
2003,10,-9.0,147.0,26.41
2003,10,-9.0,149.0,28.36
2003,10,-9.0,150.0,28.09
2003,10,-9.0,151.0,28.05
2003,10,-9.0,152.0,28.31
2003,10,-9.0,153.0,28.44
2003,10,-9.0,154.0,28.53
2003,11,-24.0,151.0,25.29
2003,11,-24.0,152.0,24.57
2003,11,-24.0,153.0,24.9
2003,11,-24.0,154.0,25.0
2003,11,-23.0,150.0,25.12
2003,11,-23.0,151.0,25.3
2003,11,-23.0,152.0,24.96
2003,11,-23.0,153.0,25.14
2003,11,-23.0,154.0,25.22
2003,11,-22.0,149.0,26.17
2003,11,-22.0,150.0,25.89
2003,11,-22.0,151.0,25.6
2003,11,-22.0,152.0,25.31
2003,11,-22.0,153.0,25.37
2003,11,-22.0,154.0,25.36
2003,11,-21.0,149.0,26.14
2003,11,-21.0,150.0,25.88
2003,11,-21.0,151.0,25.52
2003,11,-21.0,152.0,25.62
2003,11,-21.0,153.0,25.73
2003,11,-21.0,154.0,25.55
2003,11,-20.0,148.0,26.36
2003,11,-20.0,149.0,26.02
2003,11,-20.0,150.0,25.81
2003,11,-20.0,151.0,25.87
2003,11,-20.0,152.0,25.91
2003,11,-20.0,153.0,25.87
2003,11,-20.0,154.0,25.48
2003,11,-19.0,146.0,27.1
2003,11,-19.0,147.0,26.54
2003,11,-19.0,148.0,26.24
2003,11,-19.0,149.0,26.2
2003,11,-19.0,150.0,26.11
2003,11,-19.0,151.0,26.02
2003,11,-19.0,152.0,26.12
2003,11,-19.0,153.0,26.13
2003,11,-19.0,154.0,25.69
2003,11,-18.0,146.0,26.78
2003,11,-18.0,147.0,26.42
2003,11,-18.0,148.0,26.42
2003,11,-18.0,149.0,26.34
2003,11,-18.0,150.0,26.13
2003,11,-18.0,151.0,26.01
2003,11,-18.0,152.0,26.2
2003,11,-18.0,153.0,26.35
2003,11,-18.0,154.0,26.15
2003,11,-17.0,145.0,26.89
2003,11,-17.0,146.0,26.6
2003,11,-17.0,147.0,26.57
2003,11,-17.0,148.0,26.52
2003,11,-17.0,149.0,26.6
2003,11,-17.0,150.0,26.41
2003,11,-17.0,151.0,26.5
2003,11,-17.0,152.0,26.5
2003,11,-17.0,153.0,26.44
2003,11,-17.0,154.0,26.24
2003,11,-16.0,145.0,26.76
2003,11,-16.0,146.0,26.6
2003,11,-16.0,147.0,26.6
2003,11,-16.0,148.0,26.62
2003,11,-16.0,149.0,26.69
2003,11,-16.0,150.0,26.69
2003,11,-16.0,151.0,26.64
2003,11,-16.0,152.0,26.64
2003,11,-16.0,153.0,26.61
2003,11,-16.0,154.0,26.59
2003,11,-15.0,144.0,27.86
2003,11,-15.0,145.0,26.75
2003,11,-15.0,146.0,26.64
2003,11,-15.0,147.0,26.76
2003,11,-15.0,148.0,26.83
2003,11,-15.0,149.0,26.89
2003,11,-15.0,150.0,26.87
2003,11,-15.0,151.0,26.78
2003,11,-15.0,152.0,26.82
2003,11,-15.0,153.0,26.67
2003,11,-15.0,154.0,26.68
2003,11,-14.0,144.0,26.98
2003,11,-14.0,145.0,26.61
2003,11,-14.0,146.0,26.68
2003,11,-14.0,147.0,26.76
2003,11,-14.0,148.0,26.78
2003,11,-14.0,149.0,26.96
2003,11,-14.0,150.0,27.09
2003,11,-14.0,151.0,27.14
2003,11,-14.0,152.0,27.14
2003,11,-14.0,153.0,27.08
2003,11,-14.0,154.0,27.06
2003,11,-13.0,143.0,27.13
2003,11,-13.0,144.0,26.6
2003,11,-13.0,145.0,26.6
2003,11,-13.0,146.0,26.79
2003,11,-13.0,147.0,26.8
2003,11,-13.0,148.0,26.81
2003,11,-13.0,149.0,26.99
2003,11,-13.0,150.0,27.21
2003,11,-13.0,151.0,27.34
2003,11,-13.0,152.0,27.44
2003,11,-13.0,153.0,27.54
2003,11,-13.0,154.0,27.65
2003,11,-12.0,142.0,28.13
2003,11,-12.0,143.0,27.15
2003,11,-12.0,144.0,26.59
2003,11,-12.0,145.0,26.62
2003,11,-12.0,146.0,26.88
2003,11,-12.0,147.0,26.93
2003,11,-12.0,148.0,26.91
2003,11,-12.0,149.0,26.99
2003,11,-12.0,150.0,27.13
2003,11,-12.0,151.0,27.23
2003,11,-12.0,152.0,27.3
2003,11,-12.0,153.0,27.48
2003,11,-12.0,154.0,27.77
2003,11,-11.0,142.0,27.65
2003,11,-11.0,143.0,27.19
2003,11,-11.0,144.0,26.69
2003,11,-11.0,145.0,26.81
2003,11,-11.0,146.0,26.97
2003,11,-11.0,147.0,26.89
2003,11,-11.0,148.0,26.87
2003,11,-11.0,149.0,26.87
2003,11,-11.0,150.0,26.82
2003,11,-11.0,151.0,27.1
2003,11,-11.0,152.0,27.62
2003,11,-11.0,153.0,28.02
2003,11,-11.0,154.0,28.18
2003,11,-10.0,142.0,27.79
2003,11,-10.0,143.0,27.52
2003,11,-10.0,144.0,26.94
2003,11,-10.0,145.0,27.11
2003,11,-10.0,146.0,27.13
2003,11,-10.0,147.0,26.72
2003,11,-10.0,148.0,26.62
2003,11,-10.0,149.0,26.76
2003,11,-10.0,150.0,28.17
2003,11,-10.0,151.0,28.23
2003,11,-10.0,152.0,28.47
2003,11,-10.0,153.0,28.46
2003,11,-10.0,154.0,28.56
2003,11,-9.0,142.0,28.12
2003,11,-9.0,143.0,27.91
2003,11,-9.0,144.0,27.57
2003,11,-9.0,145.0,27.52
2003,11,-9.0,146.0,27.37
2003,11,-9.0,147.0,27.11
2003,11,-9.0,149.0,28.8
2003,11,-9.0,150.0,28.74
2003,11,-9.0,151.0,28.58
2003,11,-9.0,152.0,28.61
2003,11,-9.0,153.0,28.58
2003,11,-9.0,154.0,28.81
2003,12,-24.0,151.0,26.26
2003,12,-24.0,152.0,25.86
2003,12,-24.0,153.0,26.23
2003,12,-24.0,154.0,26.38
2003,12,-23.0,150.0,26.56
2003,12,-23.0,151.0,26.47
2003,12,-23.0,152.0,26.19
2003,12,-23.0,153.0,26.33
2003,12,-23.0,154.0,26.58
2003,12,-22.0,149.0,27.57
2003,12,-22.0,150.0,27.22
2003,12,-22.0,151.0,26.91
2003,12,-22.0,152.0,26.64
2003,12,-22.0,153.0,26.75
2003,12,-22.0,154.0,26.88
2003,12,-21.0,149.0,27.59
2003,12,-21.0,150.0,27.21
2003,12,-21.0,151.0,26.96
2003,12,-21.0,152.0,27.12
2003,12,-21.0,153.0,27.11
2003,12,-21.0,154.0,27.0
2003,12,-20.0,148.0,27.95
2003,12,-20.0,149.0,27.5
2003,12,-20.0,150.0,27.27
2003,12,-20.0,151.0,27.48
2003,12,-20.0,152.0,27.32
2003,12,-20.0,153.0,27.22
2003,12,-20.0,154.0,27.1
2003,12,-19.0,146.0,28.58
2003,12,-19.0,147.0,28.15
2003,12,-19.0,148.0,27.86
2003,12,-19.0,149.0,27.83
2003,12,-19.0,150.0,27.74
2003,12,-19.0,151.0,27.47
2003,12,-19.0,152.0,27.36
2003,12,-19.0,153.0,27.41
2003,12,-19.0,154.0,27.49
2003,12,-18.0,146.0,28.28
2003,12,-18.0,147.0,28.13
2003,12,-18.0,148.0,28.1
2003,12,-18.0,149.0,27.97
2003,12,-18.0,150.0,27.7
2003,12,-18.0,151.0,27.58
2003,12,-18.0,152.0,27.45
2003,12,-18.0,153.0,27.48
2003,12,-18.0,154.0,27.72
2003,12,-17.0,145.0,28.31
2003,12,-17.0,146.0,28.23
2003,12,-17.0,147.0,28.26
2003,12,-17.0,148.0,28.15
2003,12,-17.0,149.0,28.13
2003,12,-17.0,150.0,27.85
2003,12,-17.0,151.0,27.74
2003,12,-17.0,152.0,27.61
2003,12,-17.0,153.0,27.7
2003,12,-17.0,154.0,28.02
2003,12,-16.0,145.0,28.33
2003,12,-16.0,146.0,28.32
2003,12,-16.0,147.0,28.37
2003,12,-16.0,148.0,28.39
2003,12,-16.0,149.0,28.29
2003,12,-16.0,150.0,28.05
2003,12,-16.0,151.0,28.03
2003,12,-16.0,152.0,28.05
2003,12,-16.0,153.0,28.22
2003,12,-16.0,154.0,28.47
2003,12,-15.0,144.0,29.06
2003,12,-15.0,145.0,28.3
2003,12,-15.0,146.0,28.4
2003,12,-15.0,147.0,28.51
2003,12,-15.0,148.0,28.52
2003,12,-15.0,149.0,28.4
2003,12,-15.0,150.0,28.33
2003,12,-15.0,151.0,28.46
2003,12,-15.0,152.0,28.56
2003,12,-15.0,153.0,28.58
2003,12,-15.0,154.0,28.77
2003,12,-14.0,144.0,28.51
2003,12,-14.0,145.0,28.3
2003,12,-14.0,146.0,28.56
2003,12,-14.0,147.0,28.62
2003,12,-14.0,148.0,28.61
2003,12,-14.0,149.0,28.64
2003,12,-14.0,150.0,28.59
2003,12,-14.0,151.0,28.69
2003,12,-14.0,152.0,28.88
2003,12,-14.0,153.0,29.13
2003,12,-14.0,154.0,29.21
2003,12,-13.0,143.0,28.5
2003,12,-13.0,144.0,28.29
2003,12,-13.0,145.0,28.43
2003,12,-13.0,146.0,28.62
2003,12,-13.0,147.0,28.64
2003,12,-13.0,148.0,28.68
2003,12,-13.0,149.0,28.78
2003,12,-13.0,150.0,28.78
2003,12,-13.0,151.0,28.78
2003,12,-13.0,152.0,28.84
2003,12,-13.0,153.0,29.18
2003,12,-13.0,154.0,29.52
2003,12,-12.0,142.0,29.23
2003,12,-12.0,143.0,28.71
2003,12,-12.0,144.0,28.29
2003,12,-12.0,145.0,28.47
2003,12,-12.0,146.0,28.47
2003,12,-12.0,147.0,28.54
2003,12,-12.0,148.0,28.56
2003,12,-12.0,149.0,28.66
2003,12,-12.0,150.0,28.68
2003,12,-12.0,151.0,28.68
2003,12,-12.0,152.0,28.76
2003,12,-12.0,153.0,28.88
2003,12,-12.0,154.0,29.19
2003,12,-11.0,142.0,28.87
2003,12,-11.0,143.0,28.68
2003,12,-11.0,144.0,28.31
2003,12,-11.0,145.0,28.42
2003,12,-11.0,146.0,28.43
2003,12,-11.0,147.0,28.39
2003,12,-11.0,148.0,28.4
2003,12,-11.0,149.0,28.33
2003,12,-11.0,150.0,28.15
2003,12,-11.0,151.0,28.23
2003,12,-11.0,152.0,28.65
2003,12,-11.0,153.0,29.2
2003,12,-11.0,154.0,29.59
2003,12,-10.0,142.0,28.99
2003,12,-10.0,143.0,28.96
2003,12,-10.0,144.0,28.42
2003,12,-10.0,145.0,28.52
2003,12,-10.0,146.0,28.47
2003,12,-10.0,147.0,28.46
2003,12,-10.0,148.0,28.29
2003,12,-10.0,149.0,28.3
2003,12,-10.0,150.0,29.5
2003,12,-10.0,151.0,29.28
2003,12,-10.0,152.0,29.37
2003,12,-10.0,153.0,29.61
2003,12,-10.0,154.0,29.78
2003,12,-9.0,142.0,29.1
2003,12,-9.0,143.0,29.26
2003,12,-9.0,144.0,28.84
2003,12,-9.0,145.0,28.7
2003,12,-9.0,146.0,28.69
2003,12,-9.0,147.0,28.7
2003,12,-9.0,149.0,29.86
2003,12,-9.0,150.0,29.81
2003,12,-9.0,151.0,29.43
2003,12,-9.0,152.0,29.69
2003,12,-9.0,153.0,29.73
2003,12,-9.0,154.0,29.85
2020,12,-24.0,151.0,27.25
2020,12,-24.0,152.0,26.49
2020,12,-24.0,153.0,26.7
2020,12,-24.0,154.0,26.9
2020,12,-23.0,150.0,27.87
2020,12,-23.0,151.0,27.05
2020,12,-23.0,152.0,26.67
2020,12,-23.0,153.0,26.83
2020,12,-23.0,154.0,27.14
2020,12,-22.0,149.0,28.06
2020,12,-22.0,150.0,27.65
2020,12,-22.0,151.0,27.3
2020,12,-22.0,152.0,27.07
2020,12,-22.0,153.0,27.24
2020,12,-22.0,154.0,27.35
2020,12,-21.0,149.0,27.95
2020,12,-21.0,150.0,27.62
2020,12,-21.0,151.0,27.41
2020,12,-21.0,152.0,27.65
2020,12,-21.0,153.0,27.57
2020,12,-21.0,154.0,27.42
2020,12,-20.0,148.0,28.41
2020,12,-20.0,149.0,27.89
2020,12,-20.0,150.0,27.67
2020,12,-20.0,151.0,27.88
2020,12,-20.0,152.0,27.66
2020,12,-20.0,153.0,27.51
2020,12,-20.0,154.0,27.41
2020,12,-19.0,146.0,29.19
2020,12,-19.0,147.0,28.68
2020,12,-19.0,148.0,28.29
2020,12,-19.0,149.0,28.15
2020,12,-19.0,150.0,28.04
2020,12,-19.0,151.0,27.89
2020,12,-19.0,152.0,27.65
2020,12,-19.0,153.0,27.57
2020,12,-19.0,154.0,27.5
2020,12,-18.0,146.0,28.95
2020,12,-18.0,147.0,28.61
2020,12,-18.0,148.0,28.42
2020,12,-18.0,149.0,28.26
2020,12,-18.0,150.0,28.15
2020,12,-18.0,151.0,28.19
2020,12,-18.0,152.0,28.09
2020,12,-18.0,153.0,28.29
2020,12,-18.0,154.0,28.23
2020,12,-17.0,145.0,29.31
2020,12,-17.0,146.0,28.88
2020,12,-17.0,147.0,28.68
2020,12,-17.0,148.0,28.47
2020,12,-17.0,149.0,28.51
2020,12,-17.0,150.0,28.32
2020,12,-17.0,151.0,28.47
2020,12,-17.0,152.0,28.7
2020,12,-17.0,153.0,28.92
2020,12,-17.0,154.0,28.9
2020,12,-16.0,145.0,29.03
2020,12,-16.0,146.0,28.84
2020,12,-16.0,147.0,28.77
2020,12,-16.0,148.0,28.7
2020,12,-16.0,149.0,28.72
2020,12,-16.0,150.0,28.66
2020,12,-16.0,151.0,28.72
2020,12,-16.0,152.0,28.86
2020,12,-16.0,153.0,29.08
2020,12,-16.0,154.0,29.21
2020,12,-15.0,144.0,29.98
2020,12,-15.0,145.0,29.07
2020,12,-15.0,146.0,28.91
2020,12,-15.0,147.0,28.99
2020,12,-15.0,148.0,29.0
2020,12,-15.0,149.0,28.96
2020,12,-15.0,150.0,29.14
2020,12,-15.0,151.0,29.32
2020,12,-15.0,152.0,29.27
2020,12,-15.0,153.0,29.32
2020,12,-15.0,154.0,29.4
2020,12,-14.0,144.0,29.5
2020,12,-14.0,145.0,29.21
2020,12,-14.0,146.0,29.14
2020,12,-14.0,147.0,29.13
2020,12,-14.0,148.0,29.12
2020,12,-14.0,149.0,29.27
2020,12,-14.0,150.0,29.48
2020,12,-14.0,151.0,29.49
2020,12,-14.0,152.0,29.52
2020,12,-14.0,153.0,29.58
2020,12,-14.0,154.0,29.59
2020,12,-13.0,143.0,29.65
2020,12,-13.0,144.0,29.36
2020,12,-13.0,145.0,29.46
2020,12,-13.0,146.0,29.38
2020,12,-13.0,147.0,29.34
2020,12,-13.0,148.0,29.4
2020,12,-13.0,149.0,29.59
2020,12,-13.0,150.0,29.65
2020,12,-13.0,151.0,29.63
2020,12,-13.0,152.0,29.6
2020,12,-13.0,153.0,29.7
2020,12,-13.0,154.0,29.82
2020,12,-12.0,142.0,29.88
2020,12,-12.0,143.0,29.65
2020,12,-12.0,144.0,29.3
2020,12,-12.0,145.0,29.58
2020,12,-12.0,146.0,29.68
2020,12,-12.0,147.0,29.68
2020,12,-12.0,148.0,29.63
2020,12,-12.0,149.0,29.68
2020,12,-12.0,150.0,29.65
2020,12,-12.0,151.0,29.65
2020,12,-12.0,152.0,29.58
2020,12,-12.0,153.0,29.6
2020,12,-12.0,154.0,29.61
2020,12,-11.0,142.0,29.87
2020,12,-11.0,143.0,29.75
2020,12,-11.0,144.0,29.33
2020,12,-11.0,145.0,29.56
2020,12,-11.0,146.0,29.62
2020,12,-11.0,147.0,29.7
2020,12,-11.0,148.0,29.63
2020,12,-11.0,149.0,29.61
2020,12,-11.0,150.0,29.49
2020,12,-11.0,151.0,29.19
2020,12,-11.0,152.0,29.39
2020,12,-11.0,153.0,29.77
2020,12,-11.0,154.0,30.09
2020,12,-10.0,142.0,30.13
2020,12,-10.0,143.0,29.95
2020,12,-10.0,144.0,29.22
2020,12,-10.0,145.0,29.43
2020,12,-10.0,146.0,29.53
2020,12,-10.0,147.0,29.75
2020,12,-10.0,148.0,29.64
2020,12,-10.0,149.0,29.61
2020,12,-10.0,150.0,30.08
2020,12,-10.0,151.0,29.95
2020,12,-10.0,152.0,30.07
2020,12,-10.0,153.0,30.19
2020,12,-10.0,154.0,30.26
2020,12,-9.0,142.0,30.06
2020,12,-9.0,143.0,30.02
2020,12,-9.0,144.0,29.56
2020,12,-9.0,145.0,29.45
2020,12,-9.0,146.0,29.71
2020,12,-9.0,147.0,29.93
2020,12,-9.0,149.0,30.12
2020,12,-9.0,150.0,30.11
2020,12,-9.0,151.0,30.01
2020,12,-9.0,152.0,30.12
2020,12,-9.0,153.0,30.1
2020,12,-9.0,154.0,30.22
2021,1,-24.0,151.0,27.17
2021,1,-24.0,152.0,26.93
2021,1,-24.0,153.0,27.35
2021,1,-24.0,154.0,27.22
2021,1,-23.0,150.0,27.86
2021,1,-23.0,151.0,27.14
2021,1,-23.0,152.0,27.1
2021,1,-23.0,153.0,27.37
2021,1,-23.0,154.0,27.49
2021,1,-22.0,149.0,27.77
2021,1,-22.0,150.0,27.68
2021,1,-22.0,151.0,27.57
2021,1,-22.0,152.0,27.66
2021,1,-22.0,153.0,27.82
2021,1,-22.0,154.0,27.73
2021,1,-21.0,149.0,27.8
2021,1,-21.0,150.0,27.89
2021,1,-21.0,151.0,27.97
2021,1,-21.0,152.0,28.26
2021,1,-21.0,153.0,28.14
2021,1,-21.0,154.0,27.98
2021,1,-20.0,148.0,28.37
2021,1,-20.0,149.0,28.18
2021,1,-20.0,150.0,28.22
2021,1,-20.0,151.0,28.53
2021,1,-20.0,152.0,28.4
2021,1,-20.0,153.0,28.37
2021,1,-20.0,154.0,28.5
2021,1,-19.0,146.0,28.91
2021,1,-19.0,147.0,28.63
2021,1,-19.0,148.0,28.58
2021,1,-19.0,149.0,28.72
2021,1,-19.0,150.0,28.75
2021,1,-19.0,151.0,28.85
2021,1,-19.0,152.0,28.58
2021,1,-19.0,153.0,28.52
2021,1,-19.0,154.0,28.73
2021,1,-18.0,146.0,28.89
2021,1,-18.0,147.0,28.89
2021,1,-18.0,148.0,28.89
2021,1,-18.0,149.0,29.03
2021,1,-18.0,150.0,29.21
2021,1,-18.0,151.0,29.3
2021,1,-18.0,152.0,29.16
2021,1,-18.0,153.0,28.97
2021,1,-18.0,154.0,29.21
2021,1,-17.0,145.0,29.19
2021,1,-17.0,146.0,29.11
2021,1,-17.0,147.0,29.1
2021,1,-17.0,148.0,29.16
2021,1,-17.0,149.0,29.4
2021,1,-17.0,150.0,29.5
2021,1,-17.0,151.0,29.76
2021,1,-17.0,152.0,29.76
2021,1,-17.0,153.0,29.78
2021,1,-17.0,154.0,29.77
2021,1,-16.0,145.0,29.21
2021,1,-16.0,146.0,29.23
2021,1,-16.0,147.0,29.29
2021,1,-16.0,148.0,29.53
2021,1,-16.0,149.0,29.8
2021,1,-16.0,150.0,29.81
2021,1,-16.0,151.0,30.01
2021,1,-16.0,152.0,30.05
2021,1,-16.0,153.0,29.98
2021,1,-16.0,154.0,29.98
2021,1,-15.0,144.0,30.09
2021,1,-15.0,145.0,29.5
2021,1,-15.0,146.0,29.49
2021,1,-15.0,147.0,29.69
2021,1,-15.0,148.0,29.89
2021,1,-15.0,149.0,30.08
2021,1,-15.0,150.0,30.22
2021,1,-15.0,151.0,30.23
2021,1,-15.0,152.0,30.16
2021,1,-15.0,153.0,30.07
2021,1,-15.0,154.0,30.04
2021,1,-14.0,144.0,29.7
2021,1,-14.0,145.0,29.74
2021,1,-14.0,146.0,29.8
2021,1,-14.0,147.0,29.96
2021,1,-14.0,148.0,30.17
2021,1,-14.0,149.0,30.4
2021,1,-14.0,150.0,30.41
2021,1,-14.0,151.0,30.29
2021,1,-14.0,152.0,30.22
2021,1,-14.0,153.0,30.22
2021,1,-14.0,154.0,30.18
2021,1,-13.0,143.0,29.61
2021,1,-13.0,144.0,29.73
2021,1,-13.0,145.0,29.95
2021,1,-13.0,146.0,29.92
2021,1,-13.0,147.0,29.99
2021,1,-13.0,148.0,30.13
2021,1,-13.0,149.0,30.33
2021,1,-13.0,150.0,30.45
2021,1,-13.0,151.0,30.42
2021,1,-13.0,152.0,30.28
2021,1,-13.0,153.0,30.3
2021,1,-13.0,154.0,30.27
2021,1,-12.0,142.0,29.83
2021,1,-12.0,143.0,30.0
2021,1,-12.0,144.0,29.87
2021,1,-12.0,145.0,30.04
2021,1,-12.0,146.0,30.08
2021,1,-12.0,147.0,30.09
2021,1,-12.0,148.0,30.16
2021,1,-12.0,149.0,30.3
2021,1,-12.0,150.0,30.39
2021,1,-12.0,151.0,30.31
2021,1,-12.0,152.0,30.23
2021,1,-12.0,153.0,30.28
2021,1,-12.0,154.0,30.26
2021,1,-11.0,142.0,29.8
2021,1,-11.0,143.0,30.14
2021,1,-11.0,144.0,29.9
2021,1,-11.0,145.0,30.07
2021,1,-11.0,146.0,30.13
2021,1,-11.0,147.0,30.13
2021,1,-11.0,148.0,30.29
2021,1,-11.0,149.0,30.48
2021,1,-11.0,150.0,30.55
2021,1,-11.0,151.0,30.21
2021,1,-11.0,152.0,29.84
2021,1,-11.0,153.0,30.02
2021,1,-11.0,154.0,30.19
2021,1,-10.0,142.0,29.84
2021,1,-10.0,143.0,30.05
2021,1,-10.0,144.0,29.5
2021,1,-10.0,145.0,29.82
2021,1,-10.0,146.0,30.08
2021,1,-10.0,147.0,30.2
2021,1,-10.0,148.0,30.33
2021,1,-10.0,149.0,30.59
2021,1,-10.0,150.0,30.45
2021,1,-10.0,151.0,30.28
2021,1,-10.0,152.0,30.26
2021,1,-10.0,153.0,30.31
2021,1,-10.0,154.0,30.34
2021,1,-9.0,142.0,29.68
2021,1,-9.0,143.0,29.9
2021,1,-9.0,144.0,29.7
2021,1,-9.0,145.0,29.67
2021,1,-9.0,146.0,30.01
2021,1,-9.0,147.0,30.26
2021,1,-9.0,149.0,30.58
2021,1,-9.0,150.0,30.48
2021,1,-9.0,151.0,30.45
2021,1,-9.0,152.0,30.48
2021,1,-9.0,153.0,30.44
2021,1,-9.0,154.0,30.55
2021,2,-24.0,151.0,27.49
2021,2,-24.0,152.0,27.13
2021,2,-24.0,153.0,27.32
2021,2,-24.0,154.0,27.76
2021,2,-23.0,150.0,27.96
2021,2,-23.0,151.0,27.49
2021,2,-23.0,152.0,27.38
2021,2,-23.0,153.0,27.57
2021,2,-23.0,154.0,27.93
2021,2,-22.0,149.0,28.25
2021,2,-22.0,150.0,28.08
2021,2,-22.0,151.0,27.99
2021,2,-22.0,152.0,27.97
2021,2,-22.0,153.0,28.07
2021,2,-22.0,154.0,28.05
2021,2,-21.0,149.0,28.37
2021,2,-21.0,150.0,28.31
2021,2,-21.0,151.0,28.21
2021,2,-21.0,152.0,28.38
2021,2,-21.0,153.0,28.37
2021,2,-21.0,154.0,28.35
2021,2,-20.0,148.0,28.72
2021,2,-20.0,149.0,28.48
2021,2,-20.0,150.0,28.37
2021,2,-20.0,151.0,28.58
2021,2,-20.0,152.0,28.44
2021,2,-20.0,153.0,28.47
2021,2,-20.0,154.0,28.64
2021,2,-19.0,146.0,29.3
2021,2,-19.0,147.0,28.93
2021,2,-19.0,148.0,28.76
2021,2,-19.0,149.0,28.87
2021,2,-19.0,150.0,28.9
2021,2,-19.0,151.0,28.63
2021,2,-19.0,152.0,28.5
2021,2,-19.0,153.0,28.63
2021,2,-19.0,154.0,28.75
2021,2,-18.0,146.0,29.29
2021,2,-18.0,147.0,29.12
2021,2,-18.0,148.0,29.13
2021,2,-18.0,149.0,29.29
2021,2,-18.0,150.0,29.2
2021,2,-18.0,151.0,28.91
2021,2,-18.0,152.0,28.72
2021,2,-18.0,153.0,28.68
2021,2,-18.0,154.0,28.85
2021,2,-17.0,145.0,29.51
2021,2,-17.0,146.0,29.29
2021,2,-17.0,147.0,29.38
2021,2,-17.0,148.0,29.52
2021,2,-17.0,149.0,29.58
2021,2,-17.0,150.0,29.36
2021,2,-17.0,151.0,29.2
2021,2,-17.0,152.0,29.17
2021,2,-17.0,153.0,29.3
2021,2,-17.0,154.0,29.45
2021,2,-16.0,145.0,29.44
2021,2,-16.0,146.0,29.42
2021,2,-16.0,147.0,29.76
2021,2,-16.0,148.0,29.82
2021,2,-16.0,149.0,29.71
2021,2,-16.0,150.0,29.55
2021,2,-16.0,151.0,29.7
2021,2,-16.0,152.0,29.72
2021,2,-16.0,153.0,29.67
2021,2,-16.0,154.0,29.52
2021,2,-15.0,144.0,30.16
2021,2,-15.0,145.0,29.39
2021,2,-15.0,146.0,29.52
2021,2,-15.0,147.0,29.84
2021,2,-15.0,148.0,29.82
2021,2,-15.0,149.0,29.71
2021,2,-15.0,150.0,29.69
2021,2,-15.0,151.0,29.73
2021,2,-15.0,152.0,29.82
2021,2,-15.0,153.0,29.74
2021,2,-15.0,154.0,29.69
2021,2,-14.0,144.0,29.69
2021,2,-14.0,145.0,29.43
2021,2,-14.0,146.0,29.65
2021,2,-14.0,147.0,29.79
2021,2,-14.0,148.0,29.74
2021,2,-14.0,149.0,29.65
2021,2,-14.0,150.0,29.59
2021,2,-14.0,151.0,29.66
2021,2,-14.0,152.0,29.9
2021,2,-14.0,153.0,29.86
2021,2,-14.0,154.0,29.75
2021,2,-13.0,143.0,29.5
2021,2,-13.0,144.0,29.46
2021,2,-13.0,145.0,29.5
2021,2,-13.0,146.0,29.44
2021,2,-13.0,147.0,29.63
2021,2,-13.0,148.0,29.61
2021,2,-13.0,149.0,29.64
2021,2,-13.0,150.0,29.47
2021,2,-13.0,151.0,29.53
2021,2,-13.0,152.0,29.83
2021,2,-13.0,153.0,29.91
2021,2,-13.0,154.0,29.85
2021,2,-12.0,142.0,29.22
2021,2,-12.0,143.0,29.55
2021,2,-12.0,144.0,29.36
2021,2,-12.0,145.0,29.38
2021,2,-12.0,146.0,29.34
2021,2,-12.0,147.0,29.37
2021,2,-12.0,148.0,29.43
2021,2,-12.0,149.0,29.48
2021,2,-12.0,150.0,29.51
2021,2,-12.0,151.0,29.57
2021,2,-12.0,152.0,29.73
2021,2,-12.0,153.0,29.83
2021,2,-12.0,154.0,29.84
2021,2,-11.0,142.0,29.08
2021,2,-11.0,143.0,29.33
2021,2,-11.0,144.0,29.27
2021,2,-11.0,145.0,29.37
2021,2,-11.0,146.0,29.3
2021,2,-11.0,147.0,29.25
2021,2,-11.0,148.0,29.43
2021,2,-11.0,149.0,29.51
2021,2,-11.0,150.0,29.64
2021,2,-11.0,151.0,29.55
2021,2,-11.0,152.0,29.42
2021,2,-11.0,153.0,29.66
2021,2,-11.0,154.0,29.78
2021,2,-10.0,142.0,29.2
2021,2,-10.0,143.0,29.34
2021,2,-10.0,144.0,29.05
2021,2,-10.0,145.0,29.18
2021,2,-10.0,146.0,29.23
2021,2,-10.0,147.0,29.47
2021,2,-10.0,148.0,29.6
2021,2,-10.0,149.0,29.72
2021,2,-10.0,150.0,30.04
2021,2,-10.0,151.0,29.97
2021,2,-10.0,152.0,29.73
2021,2,-10.0,153.0,29.88
2021,2,-10.0,154.0,29.95
2021,2,-9.0,142.0,29.19
2021,2,-9.0,143.0,29.47
2021,2,-9.0,144.0,29.34
2021,2,-9.0,145.0,29.19
2021,2,-9.0,146.0,29.34
2021,2,-9.0,147.0,29.62
2021,2,-9.0,149.0,29.85
2021,2,-9.0,150.0,29.92
2021,2,-9.0,151.0,30.01
2021,2,-9.0,152.0,29.94
2021,2,-9.0,153.0,29.91
2021,2,-9.0,154.0,29.94
2021,3,-24.0,151.0,27.51
2021,3,-24.0,152.0,27.37
2021,3,-24.0,153.0,27.54
2021,3,-24.0,154.0,27.62
2021,3,-23.0,150.0,27.9
2021,3,-23.0,151.0,27.81
2021,3,-23.0,152.0,27.74
2021,3,-23.0,153.0,27.73
2021,3,-23.0,154.0,27.66
2021,3,-22.0,149.0,28.28
2021,3,-22.0,150.0,28.23
2021,3,-22.0,151.0,28.28
2021,3,-22.0,152.0,27.98
2021,3,-22.0,153.0,27.87
2021,3,-22.0,154.0,27.83
2021,3,-21.0,149.0,28.39
2021,3,-21.0,150.0,28.36
2021,3,-21.0,151.0,28.09
2021,3,-21.0,152.0,27.89
2021,3,-21.0,153.0,28.15
2021,3,-21.0,154.0,28.31
2021,3,-20.0,148.0,28.5
2021,3,-20.0,149.0,28.32
2021,3,-20.0,150.0,28.03
2021,3,-20.0,151.0,28.03
2021,3,-20.0,152.0,28.14
2021,3,-20.0,153.0,28.32
2021,3,-20.0,154.0,28.4
2021,3,-19.0,146.0,28.88
2021,3,-19.0,147.0,28.58
2021,3,-19.0,148.0,28.42
2021,3,-19.0,149.0,28.29
2021,3,-19.0,150.0,28.05
2021,3,-19.0,151.0,28.1
2021,3,-19.0,152.0,28.22
2021,3,-19.0,153.0,28.36
2021,3,-19.0,154.0,28.43
2021,3,-18.0,146.0,28.72
2021,3,-18.0,147.0,28.51
2021,3,-18.0,148.0,28.47
2021,3,-18.0,149.0,28.42
2021,3,-18.0,150.0,28.44
2021,3,-18.0,151.0,28.37
2021,3,-18.0,152.0,28.39
2021,3,-18.0,153.0,28.44
2021,3,-18.0,154.0,28.43
2021,3,-17.0,145.0,28.93
2021,3,-17.0,146.0,28.67
2021,3,-17.0,147.0,28.65
2021,3,-17.0,148.0,28.69
2021,3,-17.0,149.0,28.59
2021,3,-17.0,150.0,28.62
2021,3,-17.0,151.0,28.69
2021,3,-17.0,152.0,28.59
2021,3,-17.0,153.0,28.55
2021,3,-17.0,154.0,28.5
2021,3,-16.0,145.0,28.8
2021,3,-16.0,146.0,28.67
2021,3,-16.0,147.0,28.66
2021,3,-16.0,148.0,28.5
2021,3,-16.0,149.0,28.51
2021,3,-16.0,150.0,28.68
2021,3,-16.0,151.0,28.81
2021,3,-16.0,152.0,28.74
2021,3,-16.0,153.0,28.69
2021,3,-16.0,154.0,28.63
2021,3,-15.0,144.0,29.54
2021,3,-15.0,145.0,28.8
2021,3,-15.0,146.0,28.65
2021,3,-15.0,147.0,28.41
2021,3,-15.0,148.0,28.34
2021,3,-15.0,149.0,28.57
2021,3,-15.0,150.0,28.82
2021,3,-15.0,151.0,28.74
2021,3,-15.0,152.0,28.71
2021,3,-15.0,153.0,28.83
2021,3,-15.0,154.0,28.89
2021,3,-14.0,144.0,29.06
2021,3,-14.0,145.0,28.75
2021,3,-14.0,146.0,28.6
2021,3,-14.0,147.0,28.34
2021,3,-14.0,148.0,28.38
2021,3,-14.0,149.0,28.61
2021,3,-14.0,150.0,28.94
2021,3,-14.0,151.0,28.87
2021,3,-14.0,152.0,28.86
2021,3,-14.0,153.0,29.2
2021,3,-14.0,154.0,29.28
2021,3,-13.0,143.0,29.04
2021,3,-13.0,144.0,28.79
2021,3,-13.0,145.0,28.71
2021,3,-13.0,146.0,28.74
2021,3,-13.0,147.0,28.81
2021,3,-13.0,148.0,28.66
2021,3,-13.0,149.0,28.66
2021,3,-13.0,150.0,28.92
2021,3,-13.0,151.0,29.08
2021,3,-13.0,152.0,29.01
2021,3,-13.0,153.0,29.17
2021,3,-13.0,154.0,29.28
2021,3,-12.0,142.0,29.2
2021,3,-12.0,143.0,29.15
2021,3,-12.0,144.0,28.77
2021,3,-12.0,145.0,28.82
2021,3,-12.0,146.0,29.0
2021,3,-12.0,147.0,29.04
2021,3,-12.0,148.0,28.81
2021,3,-12.0,149.0,28.78
2021,3,-12.0,150.0,29.07
2021,3,-12.0,151.0,29.29
2021,3,-12.0,152.0,29.19
2021,3,-12.0,153.0,29.25
2021,3,-12.0,154.0,29.31
2021,3,-11.0,142.0,29.25
2021,3,-11.0,143.0,29.3
2021,3,-11.0,144.0,28.9
2021,3,-11.0,145.0,28.89
2021,3,-11.0,146.0,29.06
2021,3,-11.0,147.0,29.13
2021,3,-11.0,148.0,29.09
2021,3,-11.0,149.0,29.16
2021,3,-11.0,150.0,29.32
2021,3,-11.0,151.0,29.25
2021,3,-11.0,152.0,29.32
2021,3,-11.0,153.0,29.61
2021,3,-11.0,154.0,29.76
2021,3,-10.0,142.0,29.36
2021,3,-10.0,143.0,29.26
2021,3,-10.0,144.0,28.74
2021,3,-10.0,145.0,28.89
2021,3,-10.0,146.0,29.25
2021,3,-10.0,147.0,29.47
2021,3,-10.0,148.0,29.42
2021,3,-10.0,149.0,29.51
2021,3,-10.0,150.0,29.98
2021,3,-10.0,151.0,29.87
2021,3,-10.0,152.0,29.76
2021,3,-10.0,153.0,29.78
2021,3,-10.0,154.0,29.82
2021,3,-9.0,142.0,29.32
2021,3,-9.0,143.0,29.33
2021,3,-9.0,144.0,29.07
2021,3,-9.0,145.0,29.04
2021,3,-9.0,146.0,29.45
2021,3,-9.0,147.0,29.6
2021,3,-9.0,149.0,29.95
2021,3,-9.0,150.0,29.97
2021,3,-9.0,151.0,29.89
2021,3,-9.0,152.0,29.88
2021,3,-9.0,153.0,29.87
2021,3,-9.0,154.0,29.9
2021,4,-24.0,151.0,25.3
2021,4,-24.0,152.0,25.93
2021,4,-24.0,153.0,26.52
2021,4,-24.0,154.0,26.57
2021,4,-23.0,150.0,26.09
2021,4,-23.0,151.0,26.06
2021,4,-23.0,152.0,26.44
2021,4,-23.0,153.0,26.67
2021,4,-23.0,154.0,26.72
2021,4,-22.0,149.0,26.21
2021,4,-22.0,150.0,26.53
2021,4,-22.0,151.0,27.06
2021,4,-22.0,152.0,26.83
2021,4,-22.0,153.0,26.88
2021,4,-22.0,154.0,27.02
2021,4,-21.0,149.0,26.76
2021,4,-21.0,150.0,27.23
2021,4,-21.0,151.0,27.08
2021,4,-21.0,152.0,26.98
2021,4,-21.0,153.0,27.2
2021,4,-21.0,154.0,27.35
2021,4,-20.0,148.0,27.27
2021,4,-20.0,149.0,27.21
2021,4,-20.0,150.0,27.18
2021,4,-20.0,151.0,27.41
2021,4,-20.0,152.0,27.53
2021,4,-20.0,153.0,27.49
2021,4,-20.0,154.0,27.42
2021,4,-19.0,146.0,27.53
2021,4,-19.0,147.0,27.4
2021,4,-19.0,148.0,27.27
2021,4,-19.0,149.0,27.23
2021,4,-19.0,150.0,27.51
2021,4,-19.0,151.0,27.69
2021,4,-19.0,152.0,27.62
2021,4,-19.0,153.0,27.54
2021,4,-19.0,154.0,27.49
2021,4,-18.0,146.0,27.63
2021,4,-18.0,147.0,27.53
2021,4,-18.0,148.0,27.46
2021,4,-18.0,149.0,27.51
2021,4,-18.0,150.0,27.67
2021,4,-18.0,151.0,27.8
2021,4,-18.0,152.0,27.94
2021,4,-18.0,153.0,28.01
2021,4,-18.0,154.0,28.03
2021,4,-17.0,145.0,27.93
2021,4,-17.0,146.0,27.76
2021,4,-17.0,147.0,27.78
2021,4,-17.0,148.0,27.96
2021,4,-17.0,149.0,27.93
2021,4,-17.0,150.0,27.85
2021,4,-17.0,151.0,28.07
2021,4,-17.0,152.0,28.13
2021,4,-17.0,153.0,28.31
2021,4,-17.0,154.0,28.32
2021,4,-16.0,145.0,27.91
2021,4,-16.0,146.0,27.91
2021,4,-16.0,147.0,28.29
2021,4,-16.0,148.0,28.54
2021,4,-16.0,149.0,28.34
2021,4,-16.0,150.0,28.11
2021,4,-16.0,151.0,28.26
2021,4,-16.0,152.0,28.31
2021,4,-16.0,153.0,28.43
2021,4,-16.0,154.0,28.53
2021,4,-15.0,144.0,29.06
2021,4,-15.0,145.0,27.98
2021,4,-15.0,146.0,28.23
2021,4,-15.0,147.0,28.69
2021,4,-15.0,148.0,28.74
2021,4,-15.0,149.0,28.55
2021,4,-15.0,150.0,28.42
2021,4,-15.0,151.0,28.41
2021,4,-15.0,152.0,28.38
2021,4,-15.0,153.0,28.51
2021,4,-15.0,154.0,28.64
2021,4,-14.0,144.0,28.46
2021,4,-14.0,145.0,28.26
2021,4,-14.0,146.0,28.56
2021,4,-14.0,147.0,28.82
2021,4,-14.0,148.0,28.97
2021,4,-14.0,149.0,28.98
2021,4,-14.0,150.0,28.9
2021,4,-14.0,151.0,28.64
2021,4,-14.0,152.0,28.58
2021,4,-14.0,153.0,28.81
2021,4,-14.0,154.0,28.91
2021,4,-13.0,143.0,28.64
2021,4,-13.0,144.0,28.41
2021,4,-13.0,145.0,28.53
2021,4,-13.0,146.0,28.75
2021,4,-13.0,147.0,28.87
2021,4,-13.0,148.0,29.0
2021,4,-13.0,149.0,29.08
2021,4,-13.0,150.0,29.05
2021,4,-13.0,151.0,28.87
2021,4,-13.0,152.0,28.79
2021,4,-13.0,153.0,28.97
2021,4,-13.0,154.0,29.07
2021,4,-12.0,142.0,29.28
2021,4,-12.0,143.0,28.81
2021,4,-12.0,144.0,28.5
2021,4,-12.0,145.0,28.65
2021,4,-12.0,146.0,28.84
2021,4,-12.0,147.0,28.93
2021,4,-12.0,148.0,29.01
2021,4,-12.0,149.0,29.13
2021,4,-12.0,150.0,29.09
2021,4,-12.0,151.0,29.0
2021,4,-12.0,152.0,28.96
2021,4,-12.0,153.0,29.07
2021,4,-12.0,154.0,29.11
2021,4,-11.0,142.0,29.22
2021,4,-11.0,143.0,29.1
2021,4,-11.0,144.0,28.66
2021,4,-11.0,145.0,28.67
2021,4,-11.0,146.0,28.81
2021,4,-11.0,147.0,28.92
2021,4,-11.0,148.0,29.09
2021,4,-11.0,149.0,29.17
2021,4,-11.0,150.0,29.1
2021,4,-11.0,151.0,28.87
2021,4,-11.0,152.0,28.97
2021,4,-11.0,153.0,29.4
2021,4,-11.0,154.0,29.53
2021,4,-10.0,142.0,29.2
2021,4,-10.0,143.0,29.18
2021,4,-10.0,144.0,28.63
2021,4,-10.0,145.0,28.64
2021,4,-10.0,146.0,28.8
2021,4,-10.0,147.0,29.16
2021,4,-10.0,148.0,29.27
2021,4,-10.0,149.0,29.38
2021,4,-10.0,150.0,30.06
2021,4,-10.0,151.0,29.78
2021,4,-10.0,152.0,29.59
2021,4,-10.0,153.0,29.64
2021,4,-10.0,154.0,29.64
2021,4,-9.0,142.0,29.22
2021,4,-9.0,143.0,29.28
2021,4,-9.0,144.0,29.0
2021,4,-9.0,145.0,28.75
2021,4,-9.0,146.0,28.97
2021,4,-9.0,147.0,29.35
2021,4,-9.0,149.0,30.0
2021,4,-9.0,150.0,30.02
2021,4,-9.0,151.0,29.78
2021,4,-9.0,152.0,29.81
2021,4,-9.0,153.0,29.76
2021,4,-9.0,154.0,29.8
2021,5,-24.0,151.0,22.84
2021,5,-24.0,152.0,24.33
2021,5,-24.0,153.0,25.43
2021,5,-24.0,154.0,25.36
2021,5,-23.0,150.0,23.19
2021,5,-23.0,151.0,23.92
2021,5,-23.0,152.0,25.04
2021,5,-23.0,153.0,25.54
2021,5,-23.0,154.0,25.74
2021,5,-22.0,149.0,23.36
2021,5,-22.0,150.0,24.11
2021,5,-22.0,151.0,25.14
2021,5,-22.0,152.0,25.42
2021,5,-22.0,153.0,25.71
2021,5,-22.0,154.0,25.96
2021,5,-21.0,149.0,24.21
2021,5,-21.0,150.0,25.28
2021,5,-21.0,151.0,25.58
2021,5,-21.0,152.0,26.01
2021,5,-21.0,153.0,26.14
2021,5,-21.0,154.0,26.01
2021,5,-20.0,148.0,25.17
2021,5,-20.0,149.0,25.39
2021,5,-20.0,150.0,25.76
2021,5,-20.0,151.0,26.31
2021,5,-20.0,152.0,26.26
2021,5,-20.0,153.0,26.09
2021,5,-20.0,154.0,25.97
2021,5,-19.0,146.0,25.06
2021,5,-19.0,147.0,25.33
2021,5,-19.0,148.0,25.88
2021,5,-19.0,149.0,26.26
2021,5,-19.0,150.0,26.59
2021,5,-19.0,151.0,26.58
2021,5,-19.0,152.0,26.26
2021,5,-19.0,153.0,26.24
2021,5,-19.0,154.0,26.22
2021,5,-18.0,146.0,25.49
2021,5,-18.0,147.0,26.14
2021,5,-18.0,148.0,26.51
2021,5,-18.0,149.0,26.81
2021,5,-18.0,150.0,26.97
2021,5,-18.0,151.0,26.84
2021,5,-18.0,152.0,26.75
2021,5,-18.0,153.0,26.74
2021,5,-18.0,154.0,26.74
2021,5,-17.0,145.0,25.67
2021,5,-17.0,146.0,25.95
2021,5,-17.0,147.0,26.64
2021,5,-17.0,148.0,26.8
2021,5,-17.0,149.0,26.96
2021,5,-17.0,150.0,27.25
2021,5,-17.0,151.0,27.37
2021,5,-17.0,152.0,27.17
2021,5,-17.0,153.0,27.14
2021,5,-17.0,154.0,27.07
2021,5,-16.0,145.0,25.76
2021,5,-16.0,146.0,26.5
2021,5,-16.0,147.0,27.41
2021,5,-16.0,148.0,27.3
2021,5,-16.0,149.0,27.21
2021,5,-16.0,150.0,27.4
2021,5,-16.0,151.0,27.57
2021,5,-16.0,152.0,27.52
2021,5,-16.0,153.0,27.5
2021,5,-16.0,154.0,27.52
2021,5,-15.0,144.0,27.03
2021,5,-15.0,145.0,25.98
2021,5,-15.0,146.0,27.1
2021,5,-15.0,147.0,27.57
2021,5,-15.0,148.0,27.58
2021,5,-15.0,149.0,27.62
2021,5,-15.0,150.0,27.65
2021,5,-15.0,151.0,27.68
2021,5,-15.0,152.0,27.77
2021,5,-15.0,153.0,27.75
2021,5,-15.0,154.0,27.85
2021,5,-14.0,144.0,26.74
2021,5,-14.0,145.0,27.02
2021,5,-14.0,146.0,27.58
2021,5,-14.0,147.0,27.67
2021,5,-14.0,148.0,27.85
2021,5,-14.0,149.0,27.99
2021,5,-14.0,150.0,28.06
2021,5,-14.0,151.0,27.92
2021,5,-14.0,152.0,28.0
2021,5,-14.0,153.0,28.1
2021,5,-14.0,154.0,28.11
2021,5,-13.0,143.0,26.87
2021,5,-13.0,144.0,27.13
2021,5,-13.0,145.0,27.55
2021,5,-13.0,146.0,27.65
2021,5,-13.0,147.0,27.82
2021,5,-13.0,148.0,27.95
2021,5,-13.0,149.0,28.03
2021,5,-13.0,150.0,28.16
2021,5,-13.0,151.0,28.22
2021,5,-13.0,152.0,28.08
2021,5,-13.0,153.0,28.18
2021,5,-13.0,154.0,28.22
2021,5,-12.0,142.0,28.1
2021,5,-12.0,143.0,27.12
2021,5,-12.0,144.0,27.33
2021,5,-12.0,145.0,27.67
2021,5,-12.0,146.0,27.7
2021,5,-12.0,147.0,27.77
2021,5,-12.0,148.0,27.87
2021,5,-12.0,149.0,27.97
2021,5,-12.0,150.0,28.16
2021,5,-12.0,151.0,28.38
2021,5,-12.0,152.0,28.28
2021,5,-12.0,153.0,28.26
2021,5,-12.0,154.0,28.36
2021,5,-11.0,142.0,27.7
2021,5,-11.0,143.0,27.53
2021,5,-11.0,144.0,27.51
2021,5,-11.0,145.0,27.71
2021,5,-11.0,146.0,27.77
2021,5,-11.0,147.0,27.81
2021,5,-11.0,148.0,27.86
2021,5,-11.0,149.0,27.9
2021,5,-11.0,150.0,27.92
2021,5,-11.0,151.0,28.21
2021,5,-11.0,152.0,28.58
2021,5,-11.0,153.0,29.0
2021,5,-11.0,154.0,29.37
2021,5,-10.0,142.0,27.74
2021,5,-10.0,143.0,27.87
2021,5,-10.0,144.0,27.68
2021,5,-10.0,145.0,27.68
2021,5,-10.0,146.0,27.81
2021,5,-10.0,147.0,27.9
2021,5,-10.0,148.0,27.75
2021,5,-10.0,149.0,28.01
2021,5,-10.0,150.0,29.36
2021,5,-10.0,151.0,29.19
2021,5,-10.0,152.0,29.11
2021,5,-10.0,153.0,29.28
2021,5,-10.0,154.0,29.51
2021,5,-9.0,142.0,27.83
2021,5,-9.0,143.0,28.06
2021,5,-9.0,144.0,28.02
2021,5,-9.0,145.0,27.87
2021,5,-9.0,146.0,28.13
2021,5,-9.0,147.0,28.31
2021,5,-9.0,149.0,29.73
2021,5,-9.0,150.0,29.65
2021,5,-9.0,151.0,29.27
2021,5,-9.0,152.0,29.17
2021,5,-9.0,153.0,29.31
2021,5,-9.0,154.0,29.5
2021,6,-24.0,151.0,20.62
2021,6,-24.0,152.0,22.49
2021,6,-24.0,153.0,23.7
2021,6,-24.0,154.0,24.19
2021,6,-23.0,150.0,20.34
2021,6,-23.0,151.0,22.14
2021,6,-23.0,152.0,23.5
2021,6,-23.0,153.0,23.87
2021,6,-23.0,154.0,24.39
2021,6,-22.0,149.0,21.0
2021,6,-22.0,150.0,21.79
2021,6,-22.0,151.0,23.22
2021,6,-22.0,152.0,23.88
2021,6,-22.0,153.0,24.48
2021,6,-22.0,154.0,24.65
2021,6,-21.0,149.0,22.24
2021,6,-21.0,150.0,23.43
2021,6,-21.0,151.0,24.08
2021,6,-21.0,152.0,24.75
2021,6,-21.0,153.0,24.87
2021,6,-21.0,154.0,24.7
2021,6,-20.0,148.0,23.44
2021,6,-20.0,149.0,23.78
2021,6,-20.0,150.0,24.42
2021,6,-20.0,151.0,25.05
2021,6,-20.0,152.0,24.98
2021,6,-20.0,153.0,24.91
2021,6,-20.0,154.0,24.89
2021,6,-19.0,146.0,23.09
2021,6,-19.0,147.0,23.8
2021,6,-19.0,148.0,24.85
2021,6,-19.0,149.0,25.24
2021,6,-19.0,150.0,25.35
2021,6,-19.0,151.0,25.25
2021,6,-19.0,152.0,25.02
2021,6,-19.0,153.0,25.16
2021,6,-19.0,154.0,25.17
2021,6,-18.0,146.0,23.93
2021,6,-18.0,147.0,25.23
2021,6,-18.0,148.0,25.63
2021,6,-18.0,149.0,25.69
2021,6,-18.0,150.0,25.57
2021,6,-18.0,151.0,25.41
2021,6,-18.0,152.0,25.34
2021,6,-18.0,153.0,25.63
2021,6,-18.0,154.0,25.74
2021,6,-17.0,145.0,24.19
2021,6,-17.0,146.0,24.86
2021,6,-17.0,147.0,25.81
2021,6,-17.0,148.0,26.01
2021,6,-17.0,149.0,25.95
2021,6,-17.0,150.0,25.81
2021,6,-17.0,151.0,25.76
2021,6,-17.0,152.0,25.85
2021,6,-17.0,153.0,26.15
2021,6,-17.0,154.0,26.19
2021,6,-16.0,145.0,24.5
2021,6,-16.0,146.0,25.66
2021,6,-16.0,147.0,26.31
2021,6,-16.0,148.0,26.27
2021,6,-16.0,149.0,26.13
2021,6,-16.0,150.0,25.97
2021,6,-16.0,151.0,26.05
2021,6,-16.0,152.0,26.39
2021,6,-16.0,153.0,26.63
2021,6,-16.0,154.0,26.6
2021,6,-15.0,144.0,25.91
2021,6,-15.0,145.0,24.91
2021,6,-15.0,146.0,26.26
2021,6,-15.0,147.0,26.56
2021,6,-15.0,148.0,26.44
2021,6,-15.0,149.0,26.3
2021,6,-15.0,150.0,26.23
2021,6,-15.0,151.0,26.4
2021,6,-15.0,152.0,26.69
2021,6,-15.0,153.0,26.93
2021,6,-15.0,154.0,27.04
2021,6,-14.0,144.0,25.67
2021,6,-14.0,145.0,26.11
2021,6,-14.0,146.0,26.57
2021,6,-14.0,147.0,26.65
2021,6,-14.0,148.0,26.72
2021,6,-14.0,149.0,26.71
2021,6,-14.0,150.0,26.57
2021,6,-14.0,151.0,26.7
2021,6,-14.0,152.0,26.89
2021,6,-14.0,153.0,27.06
2021,6,-14.0,154.0,27.17
2021,6,-13.0,143.0,25.64
2021,6,-13.0,144.0,26.1
2021,6,-13.0,145.0,26.49
2021,6,-13.0,146.0,26.55
2021,6,-13.0,147.0,26.61
2021,6,-13.0,148.0,26.79
2021,6,-13.0,149.0,26.85
2021,6,-13.0,150.0,26.78
2021,6,-13.0,151.0,26.89
2021,6,-13.0,152.0,26.99
2021,6,-13.0,153.0,27.04
2021,6,-13.0,154.0,27.12
2021,6,-12.0,142.0,26.61
2021,6,-12.0,143.0,25.93
2021,6,-12.0,144.0,26.27
2021,6,-12.0,145.0,26.6
2021,6,-12.0,146.0,26.72
2021,6,-12.0,147.0,26.79
2021,6,-12.0,148.0,26.88
2021,6,-12.0,149.0,26.93
2021,6,-12.0,150.0,26.86
2021,6,-12.0,151.0,26.98
2021,6,-12.0,152.0,27.15
2021,6,-12.0,153.0,27.22
2021,6,-12.0,154.0,27.29
2021,6,-11.0,142.0,26.49
2021,6,-11.0,143.0,26.37
2021,6,-11.0,144.0,26.4
2021,6,-11.0,145.0,26.67
2021,6,-11.0,146.0,26.84
2021,6,-11.0,147.0,26.95
2021,6,-11.0,148.0,26.98
2021,6,-11.0,149.0,27.02
2021,6,-11.0,150.0,26.98
2021,6,-11.0,151.0,27.17
2021,6,-11.0,152.0,27.69
2021,6,-11.0,153.0,28.0
2021,6,-11.0,154.0,28.21
2021,6,-10.0,142.0,26.72
2021,6,-10.0,143.0,26.73
2021,6,-10.0,144.0,26.67
2021,6,-10.0,145.0,26.69
2021,6,-10.0,146.0,26.91
2021,6,-10.0,147.0,27.09
2021,6,-10.0,148.0,26.86
2021,6,-10.0,149.0,27.08
2021,6,-10.0,150.0,28.46
2021,6,-10.0,151.0,28.32
2021,6,-10.0,152.0,28.6
2021,6,-10.0,153.0,28.64
2021,6,-10.0,154.0,28.61
2021,6,-9.0,142.0,26.85
2021,6,-9.0,143.0,26.95
2021,6,-9.0,144.0,27.14
2021,6,-9.0,145.0,27.14
2021,6,-9.0,146.0,27.37
2021,6,-9.0,147.0,27.54
2021,6,-9.0,149.0,29.04
2021,6,-9.0,150.0,28.83
2021,6,-9.0,151.0,28.58
2021,6,-9.0,152.0,28.75
2021,6,-9.0,153.0,28.69
2021,6,-9.0,154.0,28.78
2021,7,-24.0,151.0,19.82
2021,7,-24.0,152.0,21.3
2021,7,-24.0,153.0,22.8
2021,7,-24.0,154.0,23.38
2021,7,-23.0,150.0,19.65
2021,7,-23.0,151.0,21.04
2021,7,-23.0,152.0,22.22
2021,7,-23.0,153.0,22.99
2021,7,-23.0,154.0,23.81
2021,7,-22.0,149.0,20.32
2021,7,-22.0,150.0,21.07
2021,7,-22.0,151.0,22.35
2021,7,-22.0,152.0,23.02
2021,7,-22.0,153.0,23.81
2021,7,-22.0,154.0,24.09
2021,7,-21.0,149.0,21.64
2021,7,-21.0,150.0,22.64
2021,7,-21.0,151.0,23.46
2021,7,-21.0,152.0,24.14
2021,7,-21.0,153.0,24.35
2021,7,-21.0,154.0,24.46
2021,7,-20.0,148.0,23.1
2021,7,-20.0,149.0,23.27
2021,7,-20.0,150.0,23.79
2021,7,-20.0,151.0,24.47
2021,7,-20.0,152.0,24.73
2021,7,-20.0,153.0,24.67
2021,7,-20.0,154.0,24.64
2021,7,-19.0,146.0,23.21
2021,7,-19.0,147.0,23.66
2021,7,-19.0,148.0,24.34
2021,7,-19.0,149.0,24.62
2021,7,-19.0,150.0,24.74
2021,7,-19.0,151.0,24.68
2021,7,-19.0,152.0,25.06
2021,7,-19.0,153.0,25.08
2021,7,-19.0,154.0,25.04
2021,7,-18.0,146.0,23.87
2021,7,-18.0,147.0,24.92
2021,7,-18.0,148.0,25.05
2021,7,-18.0,149.0,25.16
2021,7,-18.0,150.0,25.08
2021,7,-18.0,151.0,25.07
2021,7,-18.0,152.0,25.19
2021,7,-18.0,153.0,25.32
2021,7,-18.0,154.0,25.26
2021,7,-17.0,145.0,24.11
2021,7,-17.0,146.0,24.7
2021,7,-17.0,147.0,25.35
2021,7,-17.0,148.0,25.4
2021,7,-17.0,149.0,25.53
2021,7,-17.0,150.0,25.72
2021,7,-17.0,151.0,25.97
2021,7,-17.0,152.0,25.73
2021,7,-17.0,153.0,25.76
2021,7,-17.0,154.0,25.58
2021,7,-16.0,145.0,24.35
2021,7,-16.0,146.0,25.22
2021,7,-16.0,147.0,25.6
2021,7,-16.0,148.0,25.78
2021,7,-16.0,149.0,25.96
2021,7,-16.0,150.0,26.2
2021,7,-16.0,151.0,26.38
2021,7,-16.0,152.0,26.4
2021,7,-16.0,153.0,26.36
2021,7,-16.0,154.0,26.02
2021,7,-15.0,144.0,25.94
2021,7,-15.0,145.0,24.79
2021,7,-15.0,146.0,25.76
2021,7,-15.0,147.0,26.06
2021,7,-15.0,148.0,26.14
2021,7,-15.0,149.0,26.19
2021,7,-15.0,150.0,26.36
2021,7,-15.0,151.0,26.63
2021,7,-15.0,152.0,26.82
2021,7,-15.0,153.0,27.0
2021,7,-15.0,154.0,27.04
2021,7,-14.0,144.0,25.57
2021,7,-14.0,145.0,25.77
2021,7,-14.0,146.0,26.2
2021,7,-14.0,147.0,26.36
2021,7,-14.0,148.0,26.47
2021,7,-14.0,149.0,26.52
2021,7,-14.0,150.0,26.54
2021,7,-14.0,151.0,26.68
2021,7,-14.0,152.0,26.88
2021,7,-14.0,153.0,27.13
2021,7,-14.0,154.0,27.52
2021,7,-13.0,143.0,25.62
2021,7,-13.0,144.0,25.93
2021,7,-13.0,145.0,26.38
2021,7,-13.0,146.0,26.5
2021,7,-13.0,147.0,26.46
2021,7,-13.0,148.0,26.6
2021,7,-13.0,149.0,26.69
2021,7,-13.0,150.0,26.68
2021,7,-13.0,151.0,26.68
2021,7,-13.0,152.0,26.8
2021,7,-13.0,153.0,27.15
2021,7,-13.0,154.0,27.73
2021,7,-12.0,142.0,26.5
2021,7,-12.0,143.0,25.9
2021,7,-12.0,144.0,26.16
2021,7,-12.0,145.0,26.5
2021,7,-12.0,146.0,26.58
2021,7,-12.0,147.0,26.53
2021,7,-12.0,148.0,26.65
2021,7,-12.0,149.0,26.69
2021,7,-12.0,150.0,26.76
2021,7,-12.0,151.0,26.75
2021,7,-12.0,152.0,26.87
2021,7,-12.0,153.0,27.07
2021,7,-12.0,154.0,27.56
2021,7,-11.0,142.0,26.48
2021,7,-11.0,143.0,26.31
2021,7,-11.0,144.0,26.33
2021,7,-11.0,145.0,26.49
2021,7,-11.0,146.0,26.66
2021,7,-11.0,147.0,26.69
2021,7,-11.0,148.0,26.64
2021,7,-11.0,149.0,26.58
2021,7,-11.0,150.0,26.67
2021,7,-11.0,151.0,27.06
2021,7,-11.0,152.0,27.59
2021,7,-11.0,153.0,27.99
2021,7,-11.0,154.0,28.34
2021,7,-10.0,142.0,26.75
2021,7,-10.0,143.0,26.71
2021,7,-10.0,144.0,26.58
2021,7,-10.0,145.0,26.6
2021,7,-10.0,146.0,26.75
2021,7,-10.0,147.0,26.69
2021,7,-10.0,148.0,26.42
2021,7,-10.0,149.0,26.55
2021,7,-10.0,150.0,28.26
2021,7,-10.0,151.0,28.17
2021,7,-10.0,152.0,28.33
2021,7,-10.0,153.0,28.43
2021,7,-10.0,154.0,28.58
2021,7,-9.0,142.0,26.9
2021,7,-9.0,143.0,26.94
2021,7,-9.0,144.0,27.01
2021,7,-9.0,145.0,26.96
2021,7,-9.0,146.0,27.12
2021,7,-9.0,147.0,27.31
2021,7,-9.0,149.0,28.9
2021,7,-9.0,150.0,28.68
2021,7,-9.0,151.0,28.37
2021,7,-9.0,152.0,28.52
2021,7,-9.0,153.0,28.66
2021,7,-9.0,154.0,28.92
2021,8,-24.0,151.0,20.4
2021,8,-24.0,152.0,21.11
2021,8,-24.0,153.0,22.75
2021,8,-24.0,154.0,23.41
2021,8,-23.0,150.0,20.5
2021,8,-23.0,151.0,21.15
2021,8,-23.0,152.0,21.96
2021,8,-23.0,153.0,23.22
2021,8,-23.0,154.0,23.51
2021,8,-22.0,149.0,21.16
2021,8,-22.0,150.0,21.41
2021,8,-22.0,151.0,22.38
2021,8,-22.0,152.0,22.71
2021,8,-22.0,153.0,23.32
2021,8,-22.0,154.0,23.9
2021,8,-21.0,149.0,22.24
2021,8,-21.0,150.0,22.88
2021,8,-21.0,151.0,23.24
2021,8,-21.0,152.0,23.93
2021,8,-21.0,153.0,24.09
2021,8,-21.0,154.0,24.09
2021,8,-20.0,148.0,23.25
2021,8,-20.0,149.0,23.45
2021,8,-20.0,150.0,23.72
2021,8,-20.0,151.0,24.3
2021,8,-20.0,152.0,24.42
2021,8,-20.0,153.0,24.24
2021,8,-20.0,154.0,24.1
2021,8,-19.0,146.0,23.55
2021,8,-19.0,147.0,23.71
2021,8,-19.0,148.0,24.3
2021,8,-19.0,149.0,24.57
2021,8,-19.0,150.0,24.6
2021,8,-19.0,151.0,24.51
2021,8,-19.0,152.0,24.44
2021,8,-19.0,153.0,24.43
2021,8,-19.0,154.0,24.45
2021,8,-18.0,146.0,23.95
2021,8,-18.0,147.0,24.72
2021,8,-18.0,148.0,24.93
2021,8,-18.0,149.0,24.97
2021,8,-18.0,150.0,24.85
2021,8,-18.0,151.0,24.67
2021,8,-18.0,152.0,24.61
2021,8,-18.0,153.0,24.8
2021,8,-18.0,154.0,24.87
2021,8,-17.0,145.0,24.14
2021,8,-17.0,146.0,24.64
2021,8,-17.0,147.0,25.3
2021,8,-17.0,148.0,25.25
2021,8,-17.0,149.0,25.53
2021,8,-17.0,150.0,25.47
2021,8,-17.0,151.0,25.21
2021,8,-17.0,152.0,25.17
2021,8,-17.0,153.0,25.36
2021,8,-17.0,154.0,25.33
2021,8,-16.0,145.0,24.32
2021,8,-16.0,146.0,25.21
2021,8,-16.0,147.0,25.71
2021,8,-16.0,148.0,25.77
2021,8,-16.0,149.0,25.92
2021,8,-16.0,150.0,26.16
2021,8,-16.0,151.0,26.01
2021,8,-16.0,152.0,25.95
2021,8,-16.0,153.0,26.23
2021,8,-16.0,154.0,26.03
2021,8,-15.0,144.0,25.71
2021,8,-15.0,145.0,24.65
2021,8,-15.0,146.0,25.69
2021,8,-15.0,147.0,25.98
2021,8,-15.0,148.0,26.07
2021,8,-15.0,149.0,26.21
2021,8,-15.0,150.0,26.53
2021,8,-15.0,151.0,26.94
2021,8,-15.0,152.0,27.15
2021,8,-15.0,153.0,27.08
2021,8,-15.0,154.0,26.8
2021,8,-14.0,144.0,25.31
2021,8,-14.0,145.0,25.68
2021,8,-14.0,146.0,26.07
2021,8,-14.0,147.0,26.23
2021,8,-14.0,148.0,26.28
2021,8,-14.0,149.0,26.31
2021,8,-14.0,150.0,26.52
2021,8,-14.0,151.0,27.0
2021,8,-14.0,152.0,27.44
2021,8,-14.0,153.0,27.56
2021,8,-14.0,154.0,27.41
2021,8,-13.0,143.0,25.34
2021,8,-13.0,144.0,25.71
2021,8,-13.0,145.0,26.2
2021,8,-13.0,146.0,26.28
2021,8,-13.0,147.0,26.35
2021,8,-13.0,148.0,26.45
2021,8,-13.0,149.0,26.52
2021,8,-13.0,150.0,26.55
2021,8,-13.0,151.0,26.7
2021,8,-13.0,152.0,27.22
2021,8,-13.0,153.0,27.81
2021,8,-13.0,154.0,27.91
2021,8,-12.0,142.0,26.34
2021,8,-12.0,143.0,25.65
2021,8,-12.0,144.0,25.94
2021,8,-12.0,145.0,26.25
2021,8,-12.0,146.0,26.37
2021,8,-12.0,147.0,26.4
2021,8,-12.0,148.0,26.48
2021,8,-12.0,149.0,26.56
2021,8,-12.0,150.0,26.66
2021,8,-12.0,151.0,26.71
2021,8,-12.0,152.0,27.04
2021,8,-12.0,153.0,27.25
2021,8,-12.0,154.0,27.85
2021,8,-11.0,142.0,26.22
2021,8,-11.0,143.0,26.04
2021,8,-11.0,144.0,26.1
2021,8,-11.0,145.0,26.27
2021,8,-11.0,146.0,26.46
2021,8,-11.0,147.0,26.48
2021,8,-11.0,148.0,26.47
2021,8,-11.0,149.0,26.4
2021,8,-11.0,150.0,26.36
2021,8,-11.0,151.0,27.18
2021,8,-11.0,152.0,27.77
2021,8,-11.0,153.0,28.06
2021,8,-11.0,154.0,28.31
2021,8,-10.0,142.0,26.35
2021,8,-10.0,143.0,26.37
2021,8,-10.0,144.0,26.32
2021,8,-10.0,145.0,26.42
2021,8,-10.0,146.0,26.65
2021,8,-10.0,147.0,26.51
2021,8,-10.0,148.0,26.22
2021,8,-10.0,149.0,26.33
2021,8,-10.0,150.0,27.65
2021,8,-10.0,151.0,27.9
2021,8,-10.0,152.0,28.3
2021,8,-10.0,153.0,28.43
2021,8,-10.0,154.0,28.5
2021,8,-9.0,142.0,26.45
2021,8,-9.0,143.0,26.51
2021,8,-9.0,144.0,26.63
2021,8,-9.0,145.0,26.65
2021,8,-9.0,146.0,26.9
2021,8,-9.0,147.0,27.0
2021,8,-9.0,149.0,28.38
2021,8,-9.0,150.0,28.09
2021,8,-9.0,151.0,28.13
2021,8,-9.0,152.0,28.32
2021,8,-9.0,153.0,28.5
2021,8,-9.0,154.0,28.71
2021,9,-24.0,151.0,21.5
2021,9,-24.0,152.0,21.87
2021,9,-24.0,153.0,23.11
2021,9,-24.0,154.0,23.31
2021,9,-23.0,150.0,21.62
2021,9,-23.0,151.0,21.74
2021,9,-23.0,152.0,22.23
2021,9,-23.0,153.0,23.16
2021,9,-23.0,154.0,23.37
2021,9,-22.0,149.0,22.18
2021,9,-22.0,150.0,22.16
2021,9,-22.0,151.0,22.62
2021,9,-22.0,152.0,22.78
2021,9,-22.0,153.0,23.34
2021,9,-22.0,154.0,23.76
2021,9,-21.0,149.0,22.71
2021,9,-21.0,150.0,23.04
2021,9,-21.0,151.0,23.33
2021,9,-21.0,152.0,23.9
2021,9,-21.0,153.0,23.95
2021,9,-21.0,154.0,23.93
2021,9,-20.0,148.0,23.48
2021,9,-20.0,149.0,23.52
2021,9,-20.0,150.0,23.8
2021,9,-20.0,151.0,24.2
2021,9,-20.0,152.0,24.1
2021,9,-20.0,153.0,24.09
2021,9,-20.0,154.0,24.17
2021,9,-19.0,146.0,23.91
2021,9,-19.0,147.0,23.97
2021,9,-19.0,148.0,24.44
2021,9,-19.0,149.0,24.58
2021,9,-19.0,150.0,24.49
2021,9,-19.0,151.0,24.32
2021,9,-19.0,152.0,24.39
2021,9,-19.0,153.0,24.34
2021,9,-19.0,154.0,24.28
2021,9,-18.0,146.0,24.14
2021,9,-18.0,147.0,25.02
2021,9,-18.0,148.0,25.23
2021,9,-18.0,149.0,24.93
2021,9,-18.0,150.0,24.6
2021,9,-18.0,151.0,24.5
2021,9,-18.0,152.0,24.98
2021,9,-18.0,153.0,25.24
2021,9,-18.0,154.0,25.16
2021,9,-17.0,145.0,24.62
2021,9,-17.0,146.0,24.86
2021,9,-17.0,147.0,25.63
2021,9,-17.0,148.0,25.79
2021,9,-17.0,149.0,25.83
2021,9,-17.0,150.0,25.36
2021,9,-17.0,151.0,25.14
2021,9,-17.0,152.0,25.56
2021,9,-17.0,153.0,25.86
2021,9,-17.0,154.0,26.03
2021,9,-16.0,145.0,24.6
2021,9,-16.0,146.0,25.3
2021,9,-16.0,147.0,25.82
2021,9,-16.0,148.0,26.22
2021,9,-16.0,149.0,26.39
2021,9,-16.0,150.0,26.1
2021,9,-16.0,151.0,25.73
2021,9,-16.0,152.0,25.93
2021,9,-16.0,153.0,26.38
2021,9,-16.0,154.0,26.52
2021,9,-15.0,144.0,25.82
2021,9,-15.0,145.0,24.72
2021,9,-15.0,146.0,25.55
2021,9,-15.0,147.0,25.87
2021,9,-15.0,148.0,26.13
2021,9,-15.0,149.0,26.38
2021,9,-15.0,150.0,26.57
2021,9,-15.0,151.0,26.63
2021,9,-15.0,152.0,26.67
2021,9,-15.0,153.0,26.99
2021,9,-15.0,154.0,26.91
2021,9,-14.0,144.0,25.32
2021,9,-14.0,145.0,25.55
2021,9,-14.0,146.0,25.82
2021,9,-14.0,147.0,25.97
2021,9,-14.0,148.0,26.03
2021,9,-14.0,149.0,26.29
2021,9,-14.0,150.0,26.52
2021,9,-14.0,151.0,26.79
2021,9,-14.0,152.0,27.14
2021,9,-14.0,153.0,27.29
2021,9,-14.0,154.0,27.18
2021,9,-13.0,143.0,25.4
2021,9,-13.0,144.0,25.7
2021,9,-13.0,145.0,26.07
2021,9,-13.0,146.0,26.08
2021,9,-13.0,147.0,26.18
2021,9,-13.0,148.0,26.27
2021,9,-13.0,149.0,26.34
2021,9,-13.0,150.0,26.41
2021,9,-13.0,151.0,26.65
2021,9,-13.0,152.0,27.06
2021,9,-13.0,153.0,27.31
2021,9,-13.0,154.0,27.34
2021,9,-12.0,142.0,26.35
2021,9,-12.0,143.0,25.64
2021,9,-12.0,144.0,25.93
2021,9,-12.0,145.0,26.29
2021,9,-12.0,146.0,26.25
2021,9,-12.0,147.0,26.24
2021,9,-12.0,148.0,26.32
2021,9,-12.0,149.0,26.34
2021,9,-12.0,150.0,26.36
2021,9,-12.0,151.0,26.59
2021,9,-12.0,152.0,26.96
2021,9,-12.0,153.0,27.16
2021,9,-12.0,154.0,27.47
2021,9,-11.0,142.0,26.18
2021,9,-11.0,143.0,26.0
2021,9,-11.0,144.0,26.09
2021,9,-11.0,145.0,26.32
2021,9,-11.0,146.0,26.34
2021,9,-11.0,147.0,26.25
2021,9,-11.0,148.0,26.24
2021,9,-11.0,149.0,26.18
2021,9,-11.0,150.0,26.27
2021,9,-11.0,151.0,27.15
2021,9,-11.0,152.0,27.62
2021,9,-11.0,153.0,27.86
2021,9,-11.0,154.0,27.98
2021,9,-10.0,142.0,26.38
2021,9,-10.0,143.0,26.42
2021,9,-10.0,144.0,26.32
2021,9,-10.0,145.0,26.28
2021,9,-10.0,146.0,26.43
2021,9,-10.0,147.0,26.3
2021,9,-10.0,148.0,26.08
2021,9,-10.0,149.0,26.25
2021,9,-10.0,150.0,27.69
2021,9,-10.0,151.0,27.92
2021,9,-10.0,152.0,28.16
2021,9,-10.0,153.0,28.26
2021,9,-10.0,154.0,28.27
2021,9,-9.0,142.0,26.64
2021,9,-9.0,143.0,26.79
2021,9,-9.0,144.0,26.82
2021,9,-9.0,145.0,26.58
2021,9,-9.0,146.0,26.71
2021,9,-9.0,147.0,26.96
2021,9,-9.0,149.0,28.35
2021,9,-9.0,150.0,28.14
2021,9,-9.0,151.0,28.15
2021,9,-9.0,152.0,28.21
2021,9,-9.0,153.0,28.39
2021,9,-9.0,154.0,28.61
2021,10,-24.0,151.0,24.23
2021,10,-24.0,152.0,23.57
2021,10,-24.0,153.0,24.24
2021,10,-24.0,154.0,24.63
2021,10,-23.0,150.0,25.13
2021,10,-23.0,151.0,24.02
2021,10,-23.0,152.0,23.79
2021,10,-23.0,153.0,24.38
2021,10,-23.0,154.0,25.04
2021,10,-22.0,149.0,25.63
2021,10,-22.0,150.0,24.86
2021,10,-22.0,151.0,24.58
2021,10,-22.0,152.0,24.61
2021,10,-22.0,153.0,24.91
2021,10,-22.0,154.0,25.45
2021,10,-21.0,149.0,25.46
2021,10,-21.0,150.0,25.16
2021,10,-21.0,151.0,25.07
2021,10,-21.0,152.0,25.77
2021,10,-21.0,153.0,25.74
2021,10,-21.0,154.0,25.49
2021,10,-20.0,148.0,26.2
2021,10,-20.0,149.0,25.74
2021,10,-20.0,150.0,25.6
2021,10,-20.0,151.0,26.1
2021,10,-20.0,152.0,26.05
2021,10,-20.0,153.0,25.69
2021,10,-20.0,154.0,25.64
2021,10,-19.0,146.0,26.97
2021,10,-19.0,147.0,26.62
2021,10,-19.0,148.0,26.4
2021,10,-19.0,149.0,26.59
2021,10,-19.0,150.0,26.54
2021,10,-19.0,151.0,26.35
2021,10,-19.0,152.0,26.41
2021,10,-19.0,153.0,26.11
2021,10,-19.0,154.0,26.1
2021,10,-18.0,146.0,26.88
2021,10,-18.0,147.0,26.88
2021,10,-18.0,148.0,27.07
2021,10,-18.0,149.0,26.71
2021,10,-18.0,150.0,26.44
2021,10,-18.0,151.0,26.53
2021,10,-18.0,152.0,26.72
2021,10,-18.0,153.0,26.65
2021,10,-18.0,154.0,26.43
2021,10,-17.0,145.0,27.52
2021,10,-17.0,146.0,26.99
2021,10,-17.0,147.0,27.18
2021,10,-17.0,148.0,26.95
2021,10,-17.0,149.0,26.84
2021,10,-17.0,150.0,26.77
2021,10,-17.0,151.0,27.0
2021,10,-17.0,152.0,27.12
2021,10,-17.0,153.0,27.29
2021,10,-17.0,154.0,26.96
2021,10,-16.0,145.0,27.07
2021,10,-16.0,146.0,27.09
2021,10,-16.0,147.0,27.23
2021,10,-16.0,148.0,27.1
2021,10,-16.0,149.0,27.13
2021,10,-16.0,150.0,26.96
2021,10,-16.0,151.0,27.17
2021,10,-16.0,152.0,27.39
2021,10,-16.0,153.0,27.46
2021,10,-16.0,154.0,27.29
2021,10,-15.0,144.0,28.76
2021,10,-15.0,145.0,27.08
2021,10,-15.0,146.0,27.06
2021,10,-15.0,147.0,27.28
2021,10,-15.0,148.0,27.34
2021,10,-15.0,149.0,27.39
2021,10,-15.0,150.0,27.54
2021,10,-15.0,151.0,27.66
2021,10,-15.0,152.0,27.62
2021,10,-15.0,153.0,27.49
2021,10,-15.0,154.0,27.35
2021,10,-14.0,144.0,27.46
2021,10,-14.0,145.0,27.08
2021,10,-14.0,146.0,27.08
2021,10,-14.0,147.0,27.2
2021,10,-14.0,148.0,27.42
2021,10,-14.0,149.0,27.54
2021,10,-14.0,150.0,27.69
2021,10,-14.0,151.0,27.81
2021,10,-14.0,152.0,27.86
2021,10,-14.0,153.0,27.91
2021,10,-14.0,154.0,27.92
2021,10,-13.0,143.0,27.55
2021,10,-13.0,144.0,27.14
2021,10,-13.0,145.0,27.16
2021,10,-13.0,146.0,27.14
2021,10,-13.0,147.0,27.2
2021,10,-13.0,148.0,27.42
2021,10,-13.0,149.0,27.61
2021,10,-13.0,150.0,27.83
2021,10,-13.0,151.0,28.16
2021,10,-13.0,152.0,28.32
2021,10,-13.0,153.0,28.52
2021,10,-13.0,154.0,28.57
2021,10,-12.0,142.0,28.7
2021,10,-12.0,143.0,27.52
2021,10,-12.0,144.0,27.18
2021,10,-12.0,145.0,27.3
2021,10,-12.0,146.0,27.21
2021,10,-12.0,147.0,27.29
2021,10,-12.0,148.0,27.41
2021,10,-12.0,149.0,27.64
2021,10,-12.0,150.0,27.91
2021,10,-12.0,151.0,28.11
2021,10,-12.0,152.0,28.25
2021,10,-12.0,153.0,28.44
2021,10,-12.0,154.0,28.58
2021,10,-11.0,142.0,28.14
2021,10,-11.0,143.0,27.52
2021,10,-11.0,144.0,27.31
2021,10,-11.0,145.0,27.46
2021,10,-11.0,146.0,27.4
2021,10,-11.0,147.0,27.35
2021,10,-11.0,148.0,27.33
2021,10,-11.0,149.0,27.36
2021,10,-11.0,150.0,27.54
2021,10,-11.0,151.0,28.07
2021,10,-11.0,152.0,28.48
2021,10,-11.0,153.0,28.85
2021,10,-11.0,154.0,29.08
2021,10,-10.0,142.0,28.27
2021,10,-10.0,143.0,27.87
2021,10,-10.0,144.0,27.55
2021,10,-10.0,145.0,27.76
2021,10,-10.0,146.0,27.79
2021,10,-10.0,147.0,27.68
2021,10,-10.0,148.0,27.35
2021,10,-10.0,149.0,27.54
2021,10,-10.0,150.0,28.94
2021,10,-10.0,151.0,28.96
2021,10,-10.0,152.0,29.2
2021,10,-10.0,153.0,29.3
2021,10,-10.0,154.0,29.39
2021,10,-9.0,142.0,28.64
2021,10,-9.0,143.0,28.42
2021,10,-9.0,144.0,28.09
2021,10,-9.0,145.0,28.09
2021,10,-9.0,146.0,28.32
2021,10,-9.0,147.0,28.55
2021,10,-9.0,149.0,29.48
2021,10,-9.0,150.0,29.22
2021,10,-9.0,151.0,29.11
2021,10,-9.0,152.0,29.33
2021,10,-9.0,153.0,29.33
2021,10,-9.0,154.0,29.46
2021,11,-24.0,151.0,25.98
2021,11,-24.0,152.0,25.22
2021,11,-24.0,153.0,25.75
2021,11,-24.0,154.0,26.43
2021,11,-23.0,150.0,26.74
2021,11,-23.0,151.0,25.96
2021,11,-23.0,152.0,25.56
2021,11,-23.0,153.0,26.0
2021,11,-23.0,154.0,26.66
2021,11,-22.0,149.0,27.15
2021,11,-22.0,150.0,26.75
2021,11,-22.0,151.0,26.56
2021,11,-22.0,152.0,26.41
2021,11,-22.0,153.0,26.66
2021,11,-22.0,154.0,26.79
2021,11,-21.0,149.0,27.26
2021,11,-21.0,150.0,27.05
2021,11,-21.0,151.0,26.72
2021,11,-21.0,152.0,27.13
2021,11,-21.0,153.0,27.09
2021,11,-21.0,154.0,26.79
2021,11,-20.0,148.0,27.67
2021,11,-20.0,149.0,27.29
2021,11,-20.0,150.0,27.14
2021,11,-20.0,151.0,27.34
2021,11,-20.0,152.0,27.32
2021,11,-20.0,153.0,27.08
2021,11,-20.0,154.0,27.09
2021,11,-19.0,146.0,28.43
2021,11,-19.0,147.0,27.87
2021,11,-19.0,148.0,27.63
2021,11,-19.0,149.0,27.65
2021,11,-19.0,150.0,27.56
2021,11,-19.0,151.0,27.45
2021,11,-19.0,152.0,27.39
2021,11,-19.0,153.0,27.5
2021,11,-19.0,154.0,27.55
2021,11,-18.0,146.0,28.21
2021,11,-18.0,147.0,27.97
2021,11,-18.0,148.0,27.94
2021,11,-18.0,149.0,27.69
2021,11,-18.0,150.0,27.68
2021,11,-18.0,151.0,27.65
2021,11,-18.0,152.0,27.58
2021,11,-18.0,153.0,27.62
2021,11,-18.0,154.0,27.8
2021,11,-17.0,145.0,28.87
2021,11,-17.0,146.0,28.21
2021,11,-17.0,147.0,28.18
2021,11,-17.0,148.0,28.1
2021,11,-17.0,149.0,27.94
2021,11,-17.0,150.0,27.89
2021,11,-17.0,151.0,28.07
2021,11,-17.0,152.0,28.17
2021,11,-17.0,153.0,28.2
2021,11,-17.0,154.0,28.35
2021,11,-16.0,145.0,28.52
2021,11,-16.0,146.0,28.29
2021,11,-16.0,147.0,28.36
2021,11,-16.0,148.0,28.46
2021,11,-16.0,149.0,28.29
2021,11,-16.0,150.0,28.28
2021,11,-16.0,151.0,28.41
2021,11,-16.0,152.0,28.48
2021,11,-16.0,153.0,28.64
2021,11,-16.0,154.0,28.68
2021,11,-15.0,144.0,29.69
2021,11,-15.0,145.0,28.53
2021,11,-15.0,146.0,28.34
2021,11,-15.0,147.0,28.45
2021,11,-15.0,148.0,28.64
2021,11,-15.0,149.0,28.63
2021,11,-15.0,150.0,28.72
2021,11,-15.0,151.0,28.63
2021,11,-15.0,152.0,28.67
2021,11,-15.0,153.0,28.77
2021,11,-15.0,154.0,28.87
2021,11,-14.0,144.0,28.88
2021,11,-14.0,145.0,28.46
2021,11,-14.0,146.0,28.44
2021,11,-14.0,147.0,28.54
2021,11,-14.0,148.0,28.74
2021,11,-14.0,149.0,28.85
2021,11,-14.0,150.0,28.89
2021,11,-14.0,151.0,29.06
2021,11,-14.0,152.0,29.23
2021,11,-14.0,153.0,29.21
2021,11,-14.0,154.0,29.15
2021,11,-13.0,143.0,29.04
2021,11,-13.0,144.0,28.61
2021,11,-13.0,145.0,28.51
2021,11,-13.0,146.0,28.53
2021,11,-13.0,147.0,28.58
2021,11,-13.0,148.0,28.77
2021,11,-13.0,149.0,28.83
2021,11,-13.0,150.0,28.93
2021,11,-13.0,151.0,29.12
2021,11,-13.0,152.0,29.28
2021,11,-13.0,153.0,29.4
2021,11,-13.0,154.0,29.5
2021,11,-12.0,142.0,29.79
2021,11,-12.0,143.0,29.12
2021,11,-12.0,144.0,28.67
2021,11,-12.0,145.0,28.65
2021,11,-12.0,146.0,28.58
2021,11,-12.0,147.0,28.53
2021,11,-12.0,148.0,28.72
2021,11,-12.0,149.0,28.86
2021,11,-12.0,150.0,28.92
2021,11,-12.0,151.0,28.95
2021,11,-12.0,152.0,29.05
2021,11,-12.0,153.0,29.28
2021,11,-12.0,154.0,29.39
2021,11,-11.0,142.0,29.64
2021,11,-11.0,143.0,29.22
2021,11,-11.0,144.0,28.76
2021,11,-11.0,145.0,28.83
2021,11,-11.0,146.0,28.71
2021,11,-11.0,147.0,28.76
2021,11,-11.0,148.0,28.75
2021,11,-11.0,149.0,28.67
2021,11,-11.0,150.0,28.39
2021,11,-11.0,151.0,28.7
2021,11,-11.0,152.0,29.32
2021,11,-11.0,153.0,29.65
2021,11,-11.0,154.0,29.83
2021,11,-10.0,142.0,29.7
2021,11,-10.0,143.0,29.46
2021,11,-10.0,144.0,28.8
2021,11,-10.0,145.0,28.88
2021,11,-10.0,146.0,29.13
2021,11,-10.0,147.0,29.26
2021,11,-10.0,148.0,28.86
2021,11,-10.0,149.0,28.7
2021,11,-10.0,150.0,29.97
2021,11,-10.0,151.0,29.91
2021,11,-10.0,152.0,29.95
2021,11,-10.0,153.0,29.93
2021,11,-10.0,154.0,29.94
2021,11,-9.0,142.0,29.86
2021,11,-9.0,143.0,29.87
2021,11,-9.0,144.0,29.15
2021,11,-9.0,145.0,29.01
2021,11,-9.0,146.0,29.46
2021,11,-9.0,147.0,29.78
2021,11,-9.0,149.0,30.45
2021,11,-9.0,150.0,30.17
2021,11,-9.0,151.0,30.06
2021,11,-9.0,152.0,30.01
2021,11,-9.0,153.0,29.88
2021,11,-9.0,154.0,29.87
2021,12,-24.0,151.0,27.74
2021,12,-24.0,152.0,26.99
2021,12,-24.0,153.0,27.23
2021,12,-24.0,154.0,27.44
2021,12,-23.0,150.0,28.49
2021,12,-23.0,151.0,27.73
2021,12,-23.0,152.0,27.27
2021,12,-23.0,153.0,27.3
2021,12,-23.0,154.0,27.68
2021,12,-22.0,149.0,28.77
2021,12,-22.0,150.0,28.29
2021,12,-22.0,151.0,27.95
2021,12,-22.0,152.0,27.66
2021,12,-22.0,153.0,27.85
2021,12,-22.0,154.0,28.08
2021,12,-21.0,149.0,28.67
2021,12,-21.0,150.0,28.26
2021,12,-21.0,151.0,27.97
2021,12,-21.0,152.0,28.27
2021,12,-21.0,153.0,28.3
2021,12,-21.0,154.0,27.95
2021,12,-20.0,148.0,28.93
2021,12,-20.0,149.0,28.38
2021,12,-20.0,150.0,28.23
2021,12,-20.0,151.0,28.54
2021,12,-20.0,152.0,28.53
2021,12,-20.0,153.0,28.4
2021,12,-20.0,154.0,28.14
2021,12,-19.0,146.0,29.98
2021,12,-19.0,147.0,29.22
2021,12,-19.0,148.0,28.89
2021,12,-19.0,149.0,28.87
2021,12,-19.0,150.0,28.68
2021,12,-19.0,151.0,28.49
2021,12,-19.0,152.0,28.67
2021,12,-19.0,153.0,28.61
2021,12,-19.0,154.0,28.48
2021,12,-18.0,146.0,29.56
2021,12,-18.0,147.0,29.21
2021,12,-18.0,148.0,29.23
2021,12,-18.0,149.0,28.85
2021,12,-18.0,150.0,28.6
2021,12,-18.0,151.0,28.54
2021,12,-18.0,152.0,28.63
2021,12,-18.0,153.0,28.97
2021,12,-18.0,154.0,28.77
2021,12,-17.0,145.0,29.83
2021,12,-17.0,146.0,29.37
2021,12,-17.0,147.0,29.34
2021,12,-17.0,148.0,29.14
2021,12,-17.0,149.0,28.89
2021,12,-17.0,150.0,28.71
2021,12,-17.0,151.0,28.86
2021,12,-17.0,152.0,29.12
2021,12,-17.0,153.0,29.31
2021,12,-17.0,154.0,29.07
2021,12,-16.0,145.0,29.54
2021,12,-16.0,146.0,29.44
2021,12,-16.0,147.0,29.35
2021,12,-16.0,148.0,29.12
2021,12,-16.0,149.0,29.11
2021,12,-16.0,150.0,29.09
2021,12,-16.0,151.0,29.44
2021,12,-16.0,152.0,29.56
2021,12,-16.0,153.0,29.38
2021,12,-16.0,154.0,29.17
2021,12,-15.0,144.0,30.38
2021,12,-15.0,145.0,29.45
2021,12,-15.0,146.0,29.5
2021,12,-15.0,147.0,29.36
2021,12,-15.0,148.0,29.31
2021,12,-15.0,149.0,29.53
2021,12,-15.0,150.0,29.62
2021,12,-15.0,151.0,29.58
2021,12,-15.0,152.0,29.61
2021,12,-15.0,153.0,29.54
2021,12,-15.0,154.0,29.3
2021,12,-14.0,144.0,29.92
2021,12,-14.0,145.0,29.56
2021,12,-14.0,146.0,29.7
2021,12,-14.0,147.0,29.65
2021,12,-14.0,148.0,29.75
2021,12,-14.0,149.0,29.83
2021,12,-14.0,150.0,29.78
2021,12,-14.0,151.0,29.79
2021,12,-14.0,152.0,29.87
2021,12,-14.0,153.0,29.75
2021,12,-14.0,154.0,29.62
2021,12,-13.0,143.0,30.13
2021,12,-13.0,144.0,29.76
2021,12,-13.0,145.0,29.59
2021,12,-13.0,146.0,29.68
2021,12,-13.0,147.0,29.77
2021,12,-13.0,148.0,29.85
2021,12,-13.0,149.0,29.87
2021,12,-13.0,150.0,29.89
2021,12,-13.0,151.0,30.03
2021,12,-13.0,152.0,30.06
2021,12,-13.0,153.0,29.95
2021,12,-13.0,154.0,29.85
2021,12,-12.0,142.0,30.49
2021,12,-12.0,143.0,30.17
2021,12,-12.0,144.0,29.78
2021,12,-12.0,145.0,29.67
2021,12,-12.0,146.0,29.66
2021,12,-12.0,147.0,29.72
2021,12,-12.0,148.0,29.78
2021,12,-12.0,149.0,29.85
2021,12,-12.0,150.0,29.88
2021,12,-12.0,151.0,29.88
2021,12,-12.0,152.0,30.01
2021,12,-12.0,153.0,30.02
2021,12,-12.0,154.0,30.0
2021,12,-11.0,142.0,30.45
2021,12,-11.0,143.0,30.2
2021,12,-11.0,144.0,29.77
2021,12,-11.0,145.0,29.72
2021,12,-11.0,146.0,29.69
2021,12,-11.0,147.0,29.72
2021,12,-11.0,148.0,29.84
2021,12,-11.0,149.0,30.02
2021,12,-11.0,150.0,29.99
2021,12,-11.0,151.0,29.58
2021,12,-11.0,152.0,29.67
2021,12,-11.0,153.0,30.06
2021,12,-11.0,154.0,30.27
2021,12,-10.0,142.0,30.34
2021,12,-10.0,143.0,30.27
2021,12,-10.0,144.0,29.47
2021,12,-10.0,145.0,29.55
2021,12,-10.0,146.0,29.62
2021,12,-10.0,147.0,29.86
2021,12,-10.0,148.0,29.88
2021,12,-10.0,149.0,30.0
2021,12,-10.0,150.0,30.32
2021,12,-10.0,151.0,29.93
2021,12,-10.0,152.0,30.09
2021,12,-10.0,153.0,30.32
2021,12,-10.0,154.0,30.34
2021,12,-9.0,142.0,30.12
2021,12,-9.0,143.0,30.34
2021,12,-9.0,144.0,29.74
2021,12,-9.0,145.0,29.46
2021,12,-9.0,146.0,29.58
2021,12,-9.0,147.0,29.86
2021,12,-9.0,149.0,30.35
2021,12,-9.0,150.0,30.38
2021,12,-9.0,151.0,30.13
2021,12,-9.0,152.0,30.1
2021,12,-9.0,153.0,30.17
2021,12,-9.0,154.0,30.25
